p_int,rh_int,t_int,ts
104.32,11.91,20.282,1550939774.12743
104.33,11.89,20.319,1550939784.64618
104.338,11.87,20.358,1550939795.17541
104.344,11.85,20.403,1550939805.70195
104.351,11.85,20.43,1550939816.22515
104.362,11.83,20.467,1550939826.74599
104.368,11.83,20.494,1550939837.23317
104.372,11.82,20.529,1550939847.76393
104.382,11.81,20.568,1550939858.28422
104.389,11.8,20.598,1550939868.78507
104.393,11.8,20.618,1550939879.32035
104.402,11.79,20.66,1550939889.82512
104.407,11.78,20.683,1550939900.34716
104.415,11.77,20.712,1550939910.82722
104.422,11.77,20.751,1550939921.32691
104.424,11.76,20.771,1550939931.85352
104.432,11.74,20.801,1550939942.39434
104.438,11.74,20.823,1550939952.92970
104.445,11.73,20.856,1550939963.46209
104.451,11.73,20.88,1550939973.99190
104.453,11.72,20.911,1550939984.52120
104.461,11.72,20.938,1550939995.04817
104.467,11.7,20.973,1550940005.56029
104.474,11.7,21.001,1550940016.08535
104.479,11.7,21.036,1550940026.61390
104.485,11.7,21.07,1550940037.12268
104.492,11.68,21.104,1550940047.63324
104.494,11.68,21.128,1550940058.12820
104.505,11.68,21.157,1550940068.63267
104.507,11.66,21.183,1550940079.14837
104.511,11.66,21.21,1550940089.65248
104.518,11.65,21.237,1550940100.14475
104.524,11.65,21.275,1550940110.67606
104.527,11.64,21.298,1550940121.20687
104.536,11.64,21.331,1550940131.72578
104.54,11.64,21.36,1550940142.24633
104.55,11.63,21.393,1550940152.75792
104.555,11.63,21.417,1550940163.28065
104.555,11.63,21.433,1550940173.77922
104.564,11.62,21.452,1550940184.32012
104.573,11.62,21.5,1550940194.84250
104.575,11.61,21.525,1550940205.35653
104.582,11.61,21.552,1550940215.86444
104.586,11.61,21.575,1550940226.36053
104.595,11.6,21.604,1550940236.89783
104.605,11.6,21.623,1550940247.38514
104.613,11.59,21.648,1550940257.89027
104.623,11.58,21.678,1550940268.42941
104.624,11.58,21.696,1550940278.92022
104.634,11.57,21.738,1550940289.43260
104.637,11.57,21.758,1550940299.95221
104.645,11.56,21.77,1550940310.48139
104.649,11.55,21.788,1550940320.97051
104.657,11.55,21.82,1550940331.46913
104.663,11.55,21.843,1550940341.96686
104.666,11.54,21.867,1550940352.47662
104.672,11.54,21.895,1550940363.03446
104.68,11.54,21.915,1550940373.60335
104.687,11.53,21.962,1550940384.12742
104.692,11.53,21.981,1550940394.63156
104.698,11.53,22,1550940405.15143
104.702,11.51,22.031,1550940415.66964
104.704,11.51,22.046,1550940426.19435
104.713,11.51,22.057,1550940436.76522
104.72,11.5,22.089,1550940447.29401
104.723,11.5,22.105,1550940457.82302
104.727,11.5,22.131,1550940468.35649
104.732,11.49,22.157,1550940478.86704
104.74,11.49,22.172,1550940489.37712
104.742,11.47,22.223,1550940499.88901
104.741,11.29,22.289,1550940510.42548
104.743,11.27,22.33,1550940520.96241
104.764,11.43,22.284,1550940531.45311
104.789,11.51,22.285,1550940542.00988
104.786,11.51,22.28,1550940552.57068
104.784,11.5,22.29,1550940563.09867
104.792,11.5,22.291,1550940573.59949
104.802,11.49,22.29,1550940584.07943
104.82,11.48,22.322,1550940594.61116
104.841,11.49,22.322,1550940605.13134
104.863,11.5,22.328,1550940615.67389
104.893,11.49,22.352,1550940626.19827
104.925,11.49,22.356,1550940636.71384
104.952,11.49,22.358,1550940647.21930
104.983,11.5,22.379,1550940657.74992
105.016,11.51,22.396,1550940668.26291
105.053,11.51,22.404,1550940678.75811
105.087,11.52,22.425,1550940689.30346
105.123,11.53,22.431,1550940699.79788
105.162,11.54,22.46,1550940710.32927
105.198,11.55,22.462,1550940720.81233
105.234,11.56,22.494,1550940731.31533
105.269,11.57,22.522,1550940741.84685
105.305,11.58,22.548,1550940752.39620
105.341,11.59,22.578,1550940762.92909
105.375,11.6,22.612,1550940773.46116
105.408,11.62,22.648,1550940783.98632
105.44,11.63,22.668,1550940794.49710
105.475,11.64,22.703,1550940805.02060
105.505,11.65,22.733,1550940815.55194
105.541,11.67,22.771,1550940826.07449
105.573,11.68,22.797,1550940836.56828
105.602,11.69,22.837,1550940847.10514
105.632,11.69,22.876,1550940857.63374
105.665,11.7,22.911,1550940868.14334
105.694,11.72,22.958,1550940878.66961
105.728,11.73,22.999,1550940889.19369
105.751,11.74,23.024,1550940899.68003
105.78,11.75,23.074,1550940910.18511
105.807,11.76,23.121,1550940920.71570
105.831,11.76,23.162,1550940931.25050
105.86,11.78,23.198,1550940941.76781
105.887,11.78,23.258,1550940952.27336
105.916,11.79,23.315,1550940962.81298
105.945,11.8,23.349,1550940973.36738
105.966,11.8,23.409,1550940983.89715
105.996,11.82,23.45,1550940994.39743
106.025,11.83,23.516,1550941004.92015
106.049,11.83,23.569,1550941015.44236
106.075,11.83,23.62,1550941025.96068
106.1,11.83,23.667,1550941036.50420
106.118,11.85,23.719,1550941047.02225
106.137,11.85,23.778,1550941057.55271
106.157,11.86,23.828,1550941068.08574
106.176,11.86,23.885,1550941078.61311
106.194,11.87,23.932,1550941089.10632
106.208,11.87,23.993,1550941099.63152
106.223,11.87,24.037,1550941110.15943
106.241,11.87,24.093,1550941120.68324
106.255,11.87,24.135,1550941131.18594
106.268,11.87,24.183,1550941141.67474
106.282,11.88,24.244,1550941152.16395
106.294,11.88,24.294,1550941162.66262
106.309,11.88,24.366,1550941173.19243
106.321,11.88,24.422,1550941183.72420
106.326,11.88,24.451,1550941194.21163
106.338,11.88,24.509,1550941204.73703
106.343,11.87,24.567,1550941215.28296
106.353,11.87,24.61,1550941225.79380
106.363,11.87,24.668,1550941236.30849
106.373,11.87,24.733,1550941246.83836
106.379,11.86,24.766,1550941257.34259
106.385,11.86,24.807,1550941267.85179
106.393,11.85,24.869,1550941278.38211
106.402,11.85,24.922,1550941288.92019
106.407,11.84,24.966,1550941299.44976
106.412,11.83,25.015,1550941309.96978
106.419,11.83,25.064,1550941320.49139
106.423,11.82,25.099,1550941331.03782
106.428,11.82,25.157,1550941341.56198
106.433,11.81,25.193,1550941352.07493
106.439,11.8,25.241,1550941362.57950
106.448,11.79,25.286,1550941373.07549
106.451,11.8,25.333,1550941383.63110
106.454,11.77,25.364,1550941394.13422
106.46,11.77,25.405,1550941404.63624
106.467,11.76,25.454,1550941415.17847
106.469,11.75,25.485,1550941425.70677
106.473,11.75,25.531,1550941436.23853
106.477,11.74,25.567,1550941446.75799
106.481,11.73,25.613,1550941457.29979
106.486,11.72,25.643,1550941467.83352
106.49,11.72,25.672,1550941478.36466
106.494,11.71,25.709,1550941488.89491
106.494,11.7,25.738,1550941499.36922
106.502,11.69,25.774,1550941509.90392
106.502,11.69,25.808,1550941520.40856
106.503,11.67,25.841,1550941530.93260
106.506,11.66,25.885,1550941541.46787
106.511,11.65,25.915,1550941551.98690
106.514,11.65,25.945,1550941562.51530
106.518,11.64,25.975,1550941573.03624
106.519,11.63,26.004,1550941583.55207
106.522,11.62,26.038,1550941594.08605
106.524,11.61,26.073,1550941604.62826
106.524,11.61,26.092,1550941615.12219
106.529,11.61,26.115,1550941625.65147
106.534,11.6,26.152,1550941636.19418
106.539,11.59,26.171,1550941646.70313
106.544,11.58,26.208,1550941657.18338
106.544,11.58,26.231,1550941667.69893
106.545,11.57,26.267,1550941678.18983
106.546,11.57,26.295,1550941688.72829
106.554,11.56,26.313,1550941699.24659
106.552,11.55,26.327,1550941709.76859
106.555,11.54,26.37,1550941720.31722
106.556,11.54,26.387,1550941730.83807
106.558,11.53,26.409,1550941741.35804
106.563,11.53,26.434,1550941751.88675
106.567,11.52,26.448,1550941762.40821
106.568,11.52,26.477,1550941772.93342
106.569,11.51,26.5,1550941783.44586
106.574,11.5,26.526,1550941793.97923
106.576,11.51,26.548,1550941804.53131
106.575,11.49,26.57,1550941815.05593
106.58,11.49,26.586,1550941825.58585
106.58,11.49,26.6,1550941836.09895
106.582,11.48,26.623,1550941846.61126
106.581,11.48,26.651,1550941857.15901
106.582,11.47,26.661,1550941867.66701
106.59,11.47,26.676,1550941878.18394
106.59,11.47,26.701,1550941888.68186
106.591,11.46,26.717,1550941899.21610
106.594,11.46,26.732,1550941909.71309
106.591,11.45,26.745,1550941920.24907
106.595,11.45,26.763,1550941930.74912
106.597,11.45,26.778,1550941941.27840
106.604,11.44,26.809,1550941951.77186
106.607,11.44,26.818,1550941962.28903
106.612,11.44,26.829,1550941972.82587
106.616,11.44,26.855,1550941983.36233
106.616,11.43,26.878,1550941993.91426
106.614,11.43,26.888,1550942004.42568
106.616,11.43,26.899,1550942014.91344
106.613,11.43,26.912,1550942025.44514
106.619,11.43,26.917,1550942035.96927
106.62,11.42,26.936,1550942046.49806
106.619,11.42,26.95,1550942057.03062
106.624,11.42,26.968,1550942067.52732
106.625,11.42,26.979,1550942078.06359
106.626,11.42,26.989,1550942088.58844
106.629,11.42,26.999,1550942099.12830
106.631,11.42,27.015,1550942109.65943
106.629,11.41,27.024,1550942120.19260
106.638,11.42,27.036,1550942130.72994
106.635,11.41,27.036,1550942141.23348
106.638,11.41,27.049,1550942151.74520
106.641,11.42,27.058,1550942162.30919
106.642,11.41,27.077,1550942172.86344
106.647,11.41,27.082,1550942183.36190
106.645,11.41,27.095,1550942193.89622
106.645,11.41,27.111,1550942204.40470
106.649,11.41,27.129,1550942214.89725
106.649,11.42,27.133,1550942225.42426
106.651,11.41,27.134,1550942235.96349
106.652,11.41,27.151,1550942246.48384
106.65,11.41,27.167,1550942256.97544
106.656,11.41,27.17,1550942267.48976
106.652,11.41,27.18,1550942278.02512
106.654,11.41,27.192,1550942288.55627
106.659,11.42,27.2,1550942299.07189
106.658,11.42,27.209,1550942309.58778
106.662,11.41,27.22,1550942320.10716
106.66,11.42,27.227,1550942330.63638
106.664,11.42,27.248,1550942341.12281
106.665,11.42,27.245,1550942351.65385
106.668,11.42,27.253,1550942362.18574
106.664,11.42,27.26,1550942372.72020
106.668,11.42,27.272,1550942383.25395
106.667,11.42,27.283,1550942393.74681
106.672,11.42,27.283,1550942404.28317
106.669,11.43,27.299,1550942414.79311
106.672,11.43,27.305,1550942425.31313
106.676,11.43,27.317,1550942435.81713
106.67,11.43,27.323,1550942446.35017
106.674,11.43,27.33,1550942456.88265
106.675,11.43,27.333,1550942467.41114
106.677,11.44,27.349,1550942477.92418
106.682,11.43,27.356,1550942488.44942
106.679,11.43,27.356,1550942498.96949
106.68,11.43,27.367,1550942509.47610
106.683,11.44,27.368,1550942520.01166
106.681,11.43,27.376,1550942530.54403
106.685,11.44,27.378,1550942541.07463
106.686,11.44,27.39,1550942551.60584
106.682,11.44,27.397,1550942562.12578
106.689,11.44,27.401,1550942572.65312
106.687,11.45,27.403,1550942583.19436
106.69,11.44,27.423,1550942593.74599
106.692,11.45,27.426,1550942604.22970
106.69,11.45,27.419,1550942614.73876
106.692,11.45,27.426,1550942625.26865
106.694,11.45,27.442,1550942635.75893
106.695,11.46,27.438,1550942646.28051
106.7,11.46,27.447,1550942656.81318
106.696,11.46,27.454,1550942667.33630
106.701,11.46,27.46,1550942677.86355
106.699,11.46,27.464,1550942688.39215
106.702,11.46,27.471,1550942698.90221
106.702,11.46,27.466,1550942709.42264
106.698,11.47,27.472,1550942719.95085
106.702,11.47,27.48,1550942730.47946
106.703,11.47,27.484,1550942740.96655
106.705,11.48,27.495,1550942751.46753
106.704,11.48,27.495,1550942761.98229
106.704,11.48,27.503,1550942772.50274
106.709,11.48,27.498,1550942783.02970
106.709,11.48,27.509,1550942793.52843
106.705,11.49,27.516,1550942804.01630
106.709,11.49,27.509,1550942814.51715
106.713,11.49,27.513,1550942825.04026
106.709,11.49,27.52,1550942835.58651
106.713,11.49,27.531,1550942846.08184
106.711,11.5,27.534,1550942856.59370
106.716,11.5,27.535,1550942867.11965
106.716,11.5,27.538,1550942877.63388
106.713,11.5,27.543,1550942888.15678
106.714,11.51,27.545,1550942898.69204
106.717,11.51,27.545,1550942909.19835
106.717,11.51,27.551,1550942919.72609
106.717,11.51,27.559,1550942930.26425
106.718,11.52,27.556,1550942940.79383
106.722,11.52,27.572,1550942951.28683
106.719,11.52,27.569,1550942961.81799
106.722,11.52,27.572,1550942972.34372
106.725,11.53,27.567,1550942982.86420
106.724,11.52,27.571,1550942993.39215
106.72,11.53,27.576,1550943003.94098
106.725,11.54,27.581,1550943014.43435
106.723,11.53,27.578,1550943024.96211
106.721,11.53,27.589,1550943035.46176
106.726,11.54,27.592,1550943045.97432
106.727,11.54,27.59,1550943056.48572
106.724,11.54,27.599,1550943067.01055
106.729,11.55,27.604,1550943077.52827
106.73,11.55,27.607,1550943088.04610
106.727,11.55,27.605,1550943098.57103
106.729,11.55,27.604,1550943109.11126
106.728,11.55,27.606,1550943119.63208
106.733,11.55,27.619,1550943130.12218
106.729,11.56,27.616,1550943140.66571
106.732,11.56,27.624,1550943151.14560
106.734,11.57,27.628,1550943161.64234
106.731,11.57,27.628,1550943172.15224
106.737,11.57,27.633,1550943182.68457
106.735,11.57,27.641,1550943193.23834
106.736,11.57,27.645,1550943203.73156
106.738,11.57,27.639,1550943214.26515
106.737,11.58,27.651,1550943224.79665
106.735,11.58,27.647,1550943235.32021
106.739,11.58,27.649,1550943245.84428
106.737,11.58,27.663,1550943256.33707
106.74,11.59,27.657,1550943266.85452
106.741,11.59,27.657,1550943277.37806
106.74,11.59,27.675,1550943287.87464
106.742,11.59,27.677,1550943298.36037
106.742,11.59,27.67,1550943308.89431
106.744,11.6,27.682,1550943319.37895
106.742,11.6,27.666,1550943329.90660
106.741,11.6,27.67,1550943340.42912
106.74,11.6,27.668,1550943350.95747
106.746,11.61,27.668,1550943361.48698
106.742,11.61,27.676,1550943372.03176
106.745,11.61,27.688,1550943382.57270
106.748,11.62,27.677,1550943393.08360
106.749,11.61,27.686,1550943403.61658
106.747,11.62,27.697,1550943414.10989
106.75,11.63,27.698,1550943424.63877
106.75,11.62,27.703,1550943435.15957
106.749,11.62,27.703,1550943445.69622
106.754,11.62,27.713,1550943456.18518
106.753,11.62,27.704,1550943466.71608
106.752,11.62,27.711,1550943477.23950
106.753,11.63,27.715,1550943487.76105
106.755,11.63,27.715,1550943498.29184
106.753,11.63,27.723,1550943508.78168
106.756,11.63,27.724,1550943519.31208
106.759,11.64,27.733,1550943529.84103
106.752,11.63,27.733,1550943540.37050
106.755,11.63,27.729,1550943550.89890
106.76,11.65,27.733,1550943561.43379
106.758,11.64,27.735,1550943571.94825
106.759,11.65,27.739,1550943582.45722
106.762,11.65,27.747,1550943592.99665
106.755,11.65,27.746,1550943603.56727
106.765,11.64,27.764,1550943614.11014
106.758,11.65,27.75,1550943624.63145
106.76,11.64,27.753,1550943635.15438
106.763,11.65,27.757,1550943645.66875
106.759,11.65,27.753,1550943656.18524
106.764,11.65,27.745,1550943666.72513
106.763,11.66,27.766,1550943677.26824
106.764,11.66,27.762,1550943687.75530
106.766,11.66,27.749,1550943698.28238
106.763,11.66,27.759,1550943708.79066
106.768,11.66,27.775,1550943719.27255
106.768,11.67,27.766,1550943729.79004
106.769,11.67,27.771,1550943740.30732
106.769,11.67,27.785,1550943750.79141
106.766,11.67,27.783,1550943761.29231
106.766,11.67,27.777,1550943771.82205
106.772,11.68,27.797,1550943782.31705
106.77,11.67,27.789,1550943792.83608
106.774,11.68,27.792,1550943803.35587
106.77,11.68,27.793,1550943813.88970
106.774,11.68,27.802,1550943824.38022
106.774,11.68,27.797,1550943834.87163
106.77,11.67,27.785,1550943845.41913
106.776,11.68,27.798,1550943855.91632
106.772,11.68,27.796,1550943866.45013
106.774,11.69,27.796,1550943876.96923
106.779,11.69,27.811,1550943887.44357
106.773,11.69,27.8,1550943897.96735
106.778,11.69,27.807,1550943908.46607
106.774,11.69,27.795,1550943919.00216
106.774,11.69,27.811,1550943929.54230
106.779,11.69,27.801,1550943940.06740
106.775,11.7,27.805,1550943950.59629
106.772,11.69,27.804,1550943961.12603
106.777,11.7,27.799,1550943971.65359
106.774,11.7,27.806,1550943982.18992
106.776,11.7,27.815,1550943992.67730
106.776,11.7,27.812,1550944003.20025
106.771,11.7,27.808,1550944013.72250
106.777,11.7,27.812,1550944024.24718
106.776,11.7,27.819,1550944034.80058
106.78,11.71,27.817,1550944045.32406
106.777,11.72,27.815,1550944055.85130
106.776,11.71,27.821,1550944066.36547
106.778,11.71,27.822,1550944076.87790
106.78,11.71,27.819,1550944087.38444
106.775,11.71,27.818,1550944097.91335
106.781,11.71,27.822,1550944108.42216
106.778,11.71,27.822,1550944118.94971
106.778,11.71,27.827,1550944129.45622
106.779,11.71,27.822,1550944139.96821
106.78,11.72,27.829,1550944150.46110
106.781,11.72,27.82,1550944160.98505
106.781,11.73,27.818,1550944171.51713
106.778,11.72,27.825,1550944182.04536
106.781,11.72,27.834,1550944192.55007
106.778,11.73,27.825,1550944203.08710
106.778,11.73,27.83,1550944213.63022
106.785,11.73,27.838,1550944224.13798
106.78,11.73,27.837,1550944234.66525
106.783,11.74,27.839,1550944245.19324
106.783,11.73,27.843,1550944255.70676
106.782,11.73,27.837,1550944266.23623
106.786,11.74,27.841,1550944276.76213
106.786,11.73,27.84,1550944287.29225
106.785,11.74,27.839,1550944297.80848
106.792,11.74,27.848,1550944308.30023
106.789,11.74,27.832,1550944318.83355
106.791,11.74,27.84,1550944329.34648
106.785,11.74,27.839,1550944339.85428
106.787,11.74,27.839,1550944350.35637
106.787,11.75,27.847,1550944360.84610
106.789,11.75,27.84,1550944371.38208
106.789,11.76,27.845,1550944381.96579
106.791,11.75,27.861,1550944392.51307
106.786,11.75,27.853,1550944403.02198
106.786,11.75,27.845,1550944413.54759
106.789,11.75,27.856,1550944424.07620
106.787,11.75,27.858,1550944434.57510
106.787,11.75,27.858,1550944445.11434
106.783,11.75,27.85,1550944455.63069
106.783,11.75,27.853,1550944466.14827
106.786,11.76,27.846,1550944476.68898
106.79,11.76,27.85,1550944487.21810
106.79,11.76,27.853,1550944497.71393
106.789,11.76,27.855,1550944508.21410
106.787,11.76,27.851,1550944518.74899
106.787,11.76,27.852,1550944529.27318
106.791,11.76,27.853,1550944539.79615
106.783,11.76,27.854,1550944550.33245
106.788,11.76,27.854,1550944560.87178
106.789,11.76,27.856,1550944571.41548
106.788,11.77,27.857,1550944581.91916
106.787,11.77,27.858,1550944592.42018
106.791,11.76,27.85,1550944602.95905
106.789,11.78,27.853,1550944613.48332
106.786,11.78,27.854,1550944624.02496
106.792,11.78,27.855,1550944634.54326
106.787,11.77,27.868,1550944645.04466
106.787,11.78,27.86,1550944655.56428
106.788,11.77,27.857,1550944666.09141
106.788,11.77,27.86,1550944676.62846
106.79,11.77,27.865,1550944687.15386
106.788,11.78,27.862,1550944697.68645
106.793,11.78,27.876,1550944708.20816
106.786,11.77,27.872,1550944718.73064
106.791,11.77,27.871,1550944729.26520
106.792,11.78,27.869,1550944739.79582
106.788,11.77,27.869,1550944750.32521
106.789,11.78,27.869,1550944760.86112
106.79,11.78,27.869,1550944771.37132
106.79,11.78,27.879,1550944781.86427
106.788,11.78,27.874,1550944792.38251
106.793,11.79,27.876,1550944802.90516
106.792,11.78,27.868,1550944813.44825
106.787,11.79,27.866,1550944823.96967
106.786,11.78,27.872,1550944834.48118
106.794,11.79,27.879,1550944845.03226
106.787,11.79,27.88,1550944855.55130
106.794,11.79,27.876,1550944866.05930
106.792,11.78,27.888,1550944876.55090
106.788,11.79,27.874,1550944887.08213
106.791,11.79,27.876,1550944897.61373
106.792,11.79,27.875,1550944908.13718
106.792,11.79,27.879,1550944918.65227
106.789,11.79,27.875,1550944929.17487
106.792,11.79,27.88,1550944939.70453
106.792,11.79,27.88,1550944950.23028
106.793,11.79,27.885,1550944960.73239
106.798,11.8,27.876,1550944971.25141
106.792,11.8,27.874,1550944981.79388
106.796,11.8,27.888,1550944992.38642
106.789,11.8,27.885,1550945002.91505
106.8,11.8,27.888,1550945013.45102
106.793,11.8,27.885,1550945023.97620
106.795,11.8,27.884,1550945034.50403
106.798,11.8,27.885,1550945045.03571
106.795,11.8,27.894,1550945055.58608
106.795,11.8,27.893,1550945066.12298
106.792,11.8,27.888,1550945076.64822
106.792,11.8,27.874,1550945087.18128
106.798,11.8,27.885,1550945097.70876
106.793,11.8,27.886,1550945108.24177
106.799,11.8,27.888,1550945118.73656
106.794,11.8,27.895,1550945129.22628
106.796,11.81,27.888,1550945139.75043
106.798,11.81,27.888,1550945150.27368
106.796,11.8,27.89,1550945160.79385
106.799,11.81,27.897,1550945171.29337
106.795,11.81,27.893,1550945181.81408
106.8,11.81,27.891,1550945192.34240
106.8,11.81,27.897,1550945202.85408
106.8,11.81,27.898,1550945213.34677
106.805,11.81,27.896,1550945223.86097
106.795,11.81,27.895,1550945234.37114
106.799,11.81,27.891,1550945244.90260
106.796,11.81,27.899,1550945255.40251
106.796,11.81,27.905,1550945265.90243
106.798,11.81,27.896,1550945276.43067
106.795,11.82,27.885,1550945286.99462
106.8,11.81,27.895,1550945297.52294
106.802,11.81,27.892,1550945308.05330
106.799,11.81,27.894,1550945318.54974
106.799,11.82,27.894,1550945329.07818
106.798,11.81,27.893,1550945339.58822
106.803,11.81,27.892,1550945350.12206
106.801,11.82,27.898,1550945360.65762
106.801,11.82,27.902,1550945371.14024
106.804,11.82,27.892,1550945381.66972
106.8,11.81,27.903,1550945392.18743
106.799,11.82,27.904,1550945402.73036
106.799,11.82,27.908,1550945413.33046
106.8,11.82,27.898,1550945423.83861
106.803,11.82,27.896,1550945434.35164
106.799,11.82,27.905,1550945444.88039
106.801,11.82,27.903,1550945455.40284
106.802,11.82,27.901,1550945465.92399
106.8,11.82,27.914,1550945476.45353
106.797,11.82,27.917,1550945486.94311
106.798,11.82,27.906,1550945497.47210
106.801,11.82,27.917,1550945507.96912
106.804,11.82,27.914,1550945518.45459
106.807,11.82,27.907,1550945528.97496
106.804,11.82,27.908,1550945539.49443
106.804,11.82,27.912,1550945550.02667
106.805,11.82,27.913,1550945560.55507
106.803,11.82,27.918,1550945571.05630
106.802,11.82,27.913,1550945581.56178
106.806,11.83,27.916,1550945592.08229
106.806,11.82,27.917,1550945602.60187
106.803,11.82,27.917,1550945613.13133
106.805,11.82,27.917,1550945623.65432
106.801,11.82,27.92,1550945634.14758
106.809,11.82,27.91,1550945644.71620
106.799,11.82,27.921,1550945655.25013
106.801,11.82,27.907,1550945665.77721
106.802,11.82,27.91,1550945676.26747
106.789,11.83,27.908,1550945686.79527
106.791,11.83,27.918,1550945697.28907
106.782,11.83,27.903,1550945707.82816
106.784,11.83,27.916,1550945718.32825
106.78,11.83,27.904,1550945728.85480
106.784,11.82,27.908,1550945739.39332
106.784,11.83,27.914,1550945749.93005
106.787,11.83,27.92,1550945760.47017
106.782,11.83,27.923,1550945770.97803
106.787,11.83,27.928,1550945781.45791
106.784,11.83,27.928,1550945791.96286
106.786,11.83,27.927,1550945802.50432
106.784,11.83,27.922,1550945813.01807
106.785,11.83,27.915,1550945823.55303
106.784,11.83,27.916,1550945834.06114
106.788,11.83,27.908,1550945844.59620
106.783,11.84,27.907,1550945855.12016
106.785,11.83,27.916,1550945865.63610
106.781,11.83,27.91,1550945876.16708
106.783,11.83,27.916,1550945886.67800
106.788,11.83,27.908,1550945897.21009
106.785,11.83,27.911,1550945907.73765
106.79,11.84,27.911,1550945918.25809
106.785,11.83,27.91,1550945928.79008
106.787,11.83,27.908,1550945939.32601
106.791,11.83,27.91,1550945949.85835
106.789,11.84,27.907,1550945960.39655
106.789,11.84,27.912,1550945970.92591
106.787,11.83,27.914,1550945981.44619
106.79,11.84,27.915,1550945991.96637
106.787,11.84,27.925,1550946002.58730
106.791,11.84,27.921,1550946013.12825
106.791,11.84,27.912,1550946023.66825
106.789,11.84,27.912,1550946034.19410
106.792,11.84,27.926,1550946044.70421
106.793,11.84,27.917,1550946055.21620
106.792,11.84,27.908,1550946065.74742
106.794,11.84,27.914,1550946076.27419
106.795,11.84,27.912,1550946086.81611
106.794,11.84,27.914,1550946097.34743
106.799,11.85,27.932,1550946107.84279
106.797,11.84,27.919,1550946118.35773
106.796,11.85,27.91,1550946128.89676
106.802,11.85,27.916,1550946139.41524
106.801,11.84,27.926,1550946149.90639
106.802,11.85,27.927,1550946160.44866
106.802,11.85,27.921,1550946170.96869
106.802,11.85,27.923,1550946181.49581
106.802,11.85,27.921,1550946192.02823
106.803,11.84,27.936,1550946202.53791
106.796,11.85,27.923,1550946213.06828
106.804,11.85,27.939,1550946223.55408
106.803,11.85,27.928,1550946234.09554
106.805,11.85,27.922,1550946244.61926
106.806,11.85,27.924,1550946255.14900
106.806,11.84,27.936,1550946265.63407
106.804,11.85,27.921,1550946276.16422
106.805,11.85,27.926,1550946286.70743
106.812,11.85,27.943,1550946297.18811
106.807,11.85,27.931,1550946307.70705
106.808,11.86,27.932,1550946318.22213
106.815,11.85,27.94,1550946328.72008
106.811,11.85,27.929,1550946339.21911
106.812,11.86,27.925,1550946349.75733
106.812,11.86,27.927,1550946360.29626
106.814,11.86,27.933,1550946370.83202
106.814,11.86,27.932,1550946381.37214
106.812,11.86,27.94,1550946391.88375
106.815,11.86,27.936,1550946402.41543
106.812,11.85,27.939,1550946412.93701
106.815,11.86,27.94,1550946423.45136
106.817,11.86,27.937,1550946433.99127
106.82,11.86,27.944,1550946444.53054
106.817,11.85,27.949,1550946455.05093
106.821,11.86,27.945,1550946465.58388
106.821,11.86,27.953,1550946476.07760
106.815,11.86,27.945,1550946486.60144
106.822,11.86,27.951,1550946497.10825
106.818,11.86,27.943,1550946507.63618
106.821,11.86,27.957,1550946518.11760
106.822,11.86,27.938,1550946528.64746
106.82,11.86,27.941,1550946539.16710
106.821,11.86,27.944,1550946549.69872
106.823,11.85,27.957,1550946560.18200
106.822,11.86,27.946,1550946570.69087
106.824,11.86,27.944,1550946581.20280
106.821,11.86,27.941,1550946591.73440
106.824,11.86,27.947,1550946602.26166
106.826,11.86,27.958,1550946612.82747
106.823,11.86,27.947,1550946623.34197
106.826,11.86,27.947,1550946633.87885
106.82,11.87,27.946,1550946644.40932
106.826,11.87,27.943,1550946654.93917
106.826,11.87,27.948,1550946665.48107
106.823,11.87,27.955,1550946676.01806
106.826,11.86,27.954,1550946686.53087
106.826,11.87,27.953,1550946697.05164
106.827,11.86,27.958,1550946707.54050
106.818,11.87,27.948,1550946718.06587
106.814,11.86,27.951,1550946728.57068
106.808,11.87,27.949,1550946739.06183
106.809,11.87,27.944,1550946749.59070
106.797,11.87,27.944,1550946760.12442
106.799,11.87,27.944,1550946770.66257
106.799,11.87,27.944,1550946781.18423
106.806,11.87,27.94,1550946791.71373
106.812,11.87,27.943,1550946802.22470
106.818,11.87,27.945,1550946812.73372
106.824,11.87,27.944,1550946823.26419
106.834,11.88,27.954,1550946833.77625
106.841,11.87,27.935,1550946844.33320
106.857,11.88,27.962,1550946854.85951
106.863,11.88,27.976,1550946865.34920
106.874,11.88,27.978,1550946875.86109
106.882,11.89,27.972,1550946886.37900
106.893,11.89,27.974,1550946896.91806
106.901,11.89,27.979,1550946907.43524
106.91,11.89,27.986,1550946917.95012
106.92,11.9,27.987,1550946928.47220
106.929,11.9,27.994,1550946938.96973
106.939,11.9,28,1550946949.47602
106.948,11.91,28.004,1550946960.00673
106.958,11.91,28.014,1550946970.53237
106.967,11.91,28.015,1550946981.06294
106.981,11.91,28.031,1550946991.57166
106.984,11.91,28.04,1550947002.08009
106.996,11.92,28.048,1550947012.59205
107,11.92,28.056,1550947023.12418
107.013,11.92,28.072,1550947033.71577
107.021,11.93,28.087,1550947044.20821
107.027,11.94,28.083,1550947054.74635
107.033,11.93,28.092,1550947065.23629
107.042,11.94,28.099,1550947075.76914
107.053,11.93,28.116,1550947086.30383
107.063,11.94,28.147,1550947096.85892
107.069,11.95,28.146,1550947107.36510
107.074,11.94,28.141,1550947117.88858
107.086,11.95,28.158,1550947128.43010
107.09,11.94,28.176,1550947138.93388
107.099,11.95,28.185,1550947149.46170
107.105,11.95,28.198,1550947159.99264
107.112,11.95,28.218,1550947170.48266
107.116,11.96,28.229,1550947180.97009
107.125,11.95,28.241,1550947191.47213
107.129,11.96,28.244,1550947202.01036
107.14,11.96,28.264,1550947212.59947
107.145,11.96,28.291,1550947223.09520
107.146,11.96,28.29,1550947233.63807
107.154,11.96,28.304,1550947244.16561
107.161,11.96,28.311,1550947254.69526
107.169,11.96,28.322,1550947265.23376
107.171,11.96,28.338,1550947275.77149
107.179,11.96,28.354,1550947286.30763
107.186,11.96,28.38,1550947296.80668
107.188,11.96,28.38,1550947307.32701
107.194,11.96,28.399,1550947317.84897
107.203,11.96,28.413,1550947328.38425
107.206,11.95,28.43,1550947338.90559
107.214,11.95,28.444,1550947349.43817
107.219,11.95,28.46,1550947359.95375
107.225,11.95,28.475,1550947370.44734
107.228,11.94,28.477,1550947380.97004
107.231,11.95,28.495,1550947391.49535
107.239,11.95,28.515,1550947401.99783
107.239,11.95,28.527,1550947412.52743
107.246,11.94,28.539,1550947423.03809
107.247,11.95,28.547,1550947433.58257
107.257,11.94,28.57,1550947444.10027
107.256,11.94,28.583,1550947454.64032
107.261,11.94,28.588,1550947465.17728
107.266,11.94,28.625,1550947475.67485
107.269,11.94,28.63,1550947486.19806
107.271,11.93,28.642,1550947496.71839
107.222,11.9,28.713,1550947507.24517
107.22,11.81,28.774,1550947517.77170
107.222,11.76,28.838,1550947528.27010
107.224,11.72,28.872,1550947538.80938
107.231,11.7,28.934,1550947549.29924
107.233,11.68,28.964,1550947559.82676
107.238,11.67,29.014,1550947570.33389
107.238,11.65,29.045,1550947580.88133
107.242,11.64,29.094,1550947591.40934
107.243,11.62,29.126,1550947601.94344
107.241,11.61,29.16,1550947612.47349
107.247,11.59,29.186,1550947623.00238
107.248,11.57,29.222,1550947633.54463
107.248,11.57,29.261,1550947644.04988
107.246,11.55,29.279,1550947654.56974
107.25,11.54,29.301,1550947665.10926
107.246,11.53,29.337,1550947675.64125
107.249,11.51,29.371,1550947686.16313
107.252,11.49,29.397,1550947696.70587
107.256,11.48,29.431,1550947707.18969
107.255,11.48,29.447,1550947717.72413
107.255,11.46,29.479,1550947728.24525
107.254,11.44,29.501,1550947738.77161
107.251,11.44,29.53,1550947749.28917
107.251,11.43,29.564,1550947759.79330
107.252,11.42,29.58,1550947770.32498
107.252,11.41,29.603,1550947780.84765
107.25,11.41,29.627,1550947791.35066
107.251,11.4,29.617,1550947801.93029
107.256,11.39,29.658,1550947812.48584
107.262,11.39,29.683,1550947823.01856
107.266,11.38,29.716,1550947833.50398
107.27,11.38,29.729,1550947844.01416
107.275,11.37,29.739,1550947854.55778
107.276,11.36,29.765,1550947865.08073
107.288,11.37,29.787,1550947875.60823
107.29,11.36,29.816,1550947886.12455
107.294,11.37,29.834,1550947896.63218
107.295,11.36,29.846,1550947907.16925
107.297,11.35,29.867,1550947917.69533
107.304,11.35,29.879,1550947928.21601
107.303,11.35,29.912,1550947938.70626
