id,time,vlt_file,p,p_water,depth,t,oxygen_peak_current,oxygen_conc,oxygen_sat,h2s_conc,mean_depth,mean_oxygen_conc,sd_oxygen_conc,mean_oxygen_sat,sd_oxygen_sat
1,1550892049,20190222_watercolumn-voltammetry_NF18-2-1,102.583,0,0,26.693599,,,,,,,,,
2,1550892065,20190222_watercolumn-voltammetry_NF18-2-2,102.66,0.077,0.007583704,26.595279,102.364,284.0960164,139.706277,,,,,,
8,1550892165,20190222_watercolumn-voltammetry_NF18-2-8,102.695,0.112,0.011030842,26.234206,109.057,306.8194207,150.0252235,,,,,,
5,1550892115,20190222_watercolumn-voltammetry_NF18-2-5,102.697,0.114,0.011227821,26.371291,104.357,290.8624507,142.5517983,,0.01,295.6278131,11.30782234,144.9690879,5.299151243
3,1550892081,20190222_watercolumn-voltammetry_NF18-2-3,102.712,0.129,0.012705166,26.509782,102.642,285.0398542,140.0417816,,,,,,
6,1550892132,20190222_watercolumn-voltammetry_NF18-2-6,102.744,0.161,0.015856835,26.32101,110.383,311.3213233,152.5203592,,,,,,
7,1550892148,20190222_watercolumn-voltammetry_NF18-2-7,102.773,0.19,0.018713036,26.270986,89.292,239.7152692,117.3745774,,,,,,
4,1550892098,20190222_watercolumn-voltammetry_NF18-2-4,102.776,0.193,0.019008505,26.442124,90.799,244.8316849,120.226479,,0.09,252.7128437,14.91052325,122.2458357,5.009575311
9,1550892182,20190222_watercolumn-voltammetry_NF18-2-9,103.083,0.5,0.049244831,26.199004,,,,,,,,,
218,1550895752,20190222_watercolumn-voltammetry_NF18-2-218,104.995,2.412,0.237557062,22.876773,99.27,273.591577,129.1364507,,,,,,
217,1550895736,20190222_watercolumn-voltammetry_NF18-2-217,105.069,2.486,0.244845297,22.464804,,,,,,,,,
10,1550892198,20190222_watercolumn-voltammetry_NF18-2-10,106.056,3.473,0.342054593,26.155296,,,,,,,,,
11,1550892213,20190222_watercolumn-voltammetry_NF18-2-11,107.841,5.258,0.517858638,26.099054,,,,,,,,,
12,1550892230,20190222_watercolumn-voltammetry_NF18-2-12,107.955,5.372,0.529086459,26.040497,,,,,,,,,
17,1550892312,20190222_watercolumn-voltammetry_NF18-2-17,109.041,6.458,0.636046231,25.752542,115.386,328.3070086,169.0796929,,,,,,
16,1550892295,20190222_watercolumn-voltammetry_NF18-2-16,109.071,6.488,0.639000921,25.794049,98.763,271.8702613,140.1508939,,,,,,
14,1550892263,20190222_watercolumn-voltammetry_NF18-2-14,109.075,6.492,0.63939488,25.914454,91.607,247.5749257,127.8898075,,0.64,284.5129347,27.62105103,146.8365544,14.15833448
13,1550892246,20190222_watercolumn-voltammetry_NF18-2-13,109.076,6.493,0.639493369,25.983186,107.267,300.7421917,155.5352634,,,,,,
15,1550892279,20190222_watercolumn-voltammetry_NF18-2-15,109.128,6.545,0.644614832,25.864779,99.411,274.0702861,141.5271143,,,,,,
18,1550892328,20190222_watercolumn-voltammetry_NF18-2-18,110.373,7.79,0.76723446,25.700274,,,,,,,,,
19,1550892344,20190222_watercolumn-voltammetry_NF18-2-19,112.726,10.143,0.998980632,25.633741,107.978,303.1561078,161.0803546,,,,,,
20,1550892360,20190222_watercolumn-voltammetry_NF18-2-20,113.608,11.025,1.085848513,25.538281,116.757,332.9616907,178.0146855,,1.11,317.354416,34.74574429,169.4968319,18.66782429
22,1550892394,20190222_watercolumn-voltammetry_NF18-2-22,114.059,11.476,1.13026735,25.33937,134.746,394.0361446,210.793803,,,,,,
25,1550892445,20190222_watercolumn-voltammetry_NF18-2-25,114.089,11.506,1.13322204,25.107322,112.479,318.4374529,169.7272158,,,,,,
26,1550892461,20190222_watercolumn-voltammetry_NF18-2-26,114.101,11.518,1.134403916,25.034153,,,,,,,,,
21,1550892377,20190222_watercolumn-voltammetry_NF18-2-21,114.109,11.526,1.135191833,25.445771,105.158,293.5819258,157.4066675,,,,,,
24,1550892429,20190222_watercolumn-voltammetry_NF18-2-24,114.119,11.536,1.13617673,25.169575,102.967,286.1432617,152.7157978,,,,,,
23,1550892412,20190222_watercolumn-voltammetry_NF18-2-23,114.181,11.598,1.142283089,25.241597,105.035,293.1643285,156.7392989,,,,,,
216,1550895720,20190222_watercolumn-voltammetry_NF18-2-216,114.364,11.781,1.160306697,21.923616,,,,,,,,,
27,1550892477,20190222_watercolumn-voltammetry_NF18-2-27,117.227,14.644,1.442282596,24.997729,116.552,332.2656952,181.6301328,,,,,,
28,1550892494,20190222_watercolumn-voltammetry_NF18-2-28,118.876,16.293,1.604692047,24.909202,88.02,235.396702,130.2911961,,,,,,
29,1550892511,20190222_watercolumn-voltammetry_NF18-2-29,119.142,16.559,1.630890297,24.760469,,,,,1.58,300.5554612,42.5417066,165.4788507,23.02222278
30,1550892527,20190222_watercolumn-voltammetry_NF18-2-30,119.182,16.599,1.634829884,24.668915,,,,,,,,,
32,1550892560,20190222_watercolumn-voltammetry_NF18-2-32,119.273,16.69,1.643792443,24.535519,120.01,344.005951,189.8271462,,,,,,
31,1550892543,20190222_watercolumn-voltammetry_NF18-2-31,119.275,16.692,1.643989422,24.600965,,,,,,,,,
33,1550892576,20190222_watercolumn-voltammetry_NF18-2-33,119.32,16.737,1.648421457,24.452589,104.266,290.5534966,160.1669279,,,,,,
34,1550892592,20190222_watercolumn-voltammetry_NF18-2-34,120.073,17.49,1.722584172,24.389966,106.631,298.5829081,165.4541344,,,,,,
40,1550892691,20190222_watercolumn-voltammetry_NF18-2-40,123.987,21.404,2.108072705,23.555543,126.585,366.3287335,206.6159888,,2.04,330.9984741,25.31439954,187.0144135,15.23375946
37,1550892642,20190222_watercolumn-voltammetry_NF18-2-37,124.493,21.91,2.157908474,23.891774,119.108,340.9435708,194.2100368,,,,,,
36,1550892625,20190222_watercolumn-voltammetry_NF18-2-36,124.541,21.958,2.162635977,24.047567,112.391,318.1386841,181.7774939,,,,,,
38,1550892658,20190222_watercolumn-voltammetry_NF18-2-38,124.699,22.116,2.178197344,23.764235,127.452,369.2722852,210.2309335,,,,,,
39,1550892674,20190222_watercolumn-voltammetry_NF18-2-39,124.713,22.13,2.179576199,23.658675,123.935,357.3317185,203.0844172,,2.18,347.5730694,22.77194519,198.3778902,12.0673858
35,1550892608,20190222_watercolumn-voltammetry_NF18-2-35,124.885,22.302,2.196516421,24.271184,111.795,316.1152045,181.8183199,,,,,,
43,1550892742,20190222_watercolumn-voltammetry_NF18-2-43,130.496,27.913,2.749141909,23.202518,112.166,317.3747866,187.249096,,,,,,
50,1550892856,20190222_watercolumn-voltammetry_NF18-2-50,130.524,27.941,2.751899619,22.64179,113.605,322.2603355,188.3145299,,2.76,321.31,17.60509048,188.7946164,10.90370471
42,1550892725,20190222_watercolumn-voltammetry_NF18-2-42,130.535,27.952,2.752983006,23.32319,123.174,354.7480474,209.8022485,,,,,,
41,1550892708,20190222_watercolumn-voltammetry_NF18-2-41,130.537,27.954,2.753179985,23.426444,,,,,,,,,
47,1550892808,20190222_watercolumn-voltammetry_NF18-2-47,130.601,28.018,2.759483323,22.826478,106.669,298.7119219,175.2240675,,,,,,
49,1550892840,20190222_watercolumn-voltammetry_NF18-2-49,130.601,28.018,2.759483323,22.698155,109.345,307.7972095,180.1473675,,,,,,
46,1550892791,20190222_watercolumn-voltammetry_NF18-2-46,130.602,28.019,2.759581813,22.896969,114.988,326.9557588,192.030389,,,,,,
44,1550892758,20190222_watercolumn-voltammetry_NF18-2-44,130.627,28.044,2.762044054,23.097881,,,,,,,,,
48,1550892824,20190222_watercolumn-voltammetry_NF18-2-48,130.644,28.061,2.763718379,22.755443,110.871,312.9781321,183.4243649,,,,,,
45,1550892775,20190222_watercolumn-voltammetry_NF18-2-45,130.702,28.119,2.769430779,22.987308,111.995,316.7942245,186.4993499,,2.77,316.0970973,2.315111916,185.4800775,1.453625168
52,1550892889,20190222_watercolumn-voltammetry_NF18-2-52,130.805,28.222,2.779575214,22.55663,,,,,,,,,
51,1550892873,20190222_watercolumn-voltammetry_NF18-2-51,130.9,28.317,2.788931732,22.596719,112.503,318.5189353,186.5165176,,,,,,
56,1550892954,20190222_watercolumn-voltammetry_NF18-2-56,136.192,33.609,3.310139018,22.313489,77.751,200.5324201,121.5655115,,,,,,
55,1550892938,20190222_watercolumn-voltammetry_NF18-2-55,136.218,33.635,3.312699749,22.373489,75.181,191.8070131,116.4215132,,3.31,199.7843664,6.23058378,121.2837101,3.860068864
53,1550892906,20190222_watercolumn-voltammetry_NF18-2-53,136.25,33.667,3.315851418,22.511019,,,,,,,,,
54,1550892923,20190222_watercolumn-voltammetry_NF18-2-54,136.28,33.697,3.318806108,22.443523,79.66,207.013666,125.8641057,,,,,,
215,1550895704,20190222_watercolumn-voltammetry_NF18-2-215,137.168,34.585,3.406264927,21.798153,,,,,,,,,
58,1550892987,20190222_watercolumn-voltammetry_NF18-2-58,141.506,38.923,3.833513077,22.197123,48.481,101.1578431,63.58507309,,,,,,
57,1550892970,20190222_watercolumn-voltammetry_NF18-2-57,141.51,38.927,3.833907036,22.257007,57.176,130.6782376,82.23015804,,,,,,
60,1550893020,20190222_watercolumn-voltammetry_NF18-2-60,141.993,39.41,3.881477542,22.109612,33.034,48.7137334,30.67794123,,,,,,
59,1550893004,20190222_watercolumn-voltammetry_NF18-2-59,142.071,39.488,3.889159735,22.148279,33.421,50.0276371,31.54428723,,3.88,65.22674533,30.36722137,41.0407988,19.10447385
65,1550893100,20190222_watercolumn-voltammetry_NF18-2-65,142.137,39.554,3.895660053,21.951181,30.856,41.3192056,25.97446007,,,,,,
66,1550893116,20190222_watercolumn-voltammetry_NF18-2-66,142.166,39.583,3.898516253,21.927012,33.293,49.5930643,31.16862728,,,,,,
64,1550893084,20190222_watercolumn-voltammetry_NF18-2-64,142.195,39.612,3.901372453,21.971088,32.066,45.4272766,28.5786661,,,,,,
63,1550893067,20190222_watercolumn-voltammetry_NF18-2-63,142.264,39.681,3.90816824,22.003177,42.828,81.9653428,51.61947128,,,,,,
62,1550893050,20190222_watercolumn-voltammetry_NF18-2-62,142.274,39.691,3.909153137,22.038392,,,,,,,,,
67,1550893132,20190222_watercolumn-voltammetry_NF18-2-67,142.283,39.7,3.910039544,21.911431,,,,,,,,,
61,1550893035,20190222_watercolumn-voltammetry_NF18-2-61,142.287,39.704,3.910433502,22.06768,,,,,,,,,
68,1550893148,20190222_watercolumn-voltammetry_NF18-2-68,142.287,39.704,3.910433502,21.894251,29.925,38.1583675,23.98850487,,,,,,
72,1550893214,20190222_watercolumn-voltammetry_NF18-2-72,145.935,43.352,4.269723786,21.832253,31.511,43.5429961,28.04446554,,,,,,
73,1550893231,20190222_watercolumn-voltammetry_NF18-2-73,145.949,43.366,4.271102641,21.822263,33.458,50.1532558,32.2992519,,,,,,
69,1550893164,20190222_watercolumn-voltammetry_NF18-2-69,145.985,43.402,4.274648269,21.876339,39.082,69.2472982,44.6499483,,4.27,49.10009578,10.75012348,31.64106033,6.936576872
71,1550893197,20190222_watercolumn-voltammetry_NF18-2-71,145.99,43.407,4.275140717,21.846371,31.717,44.2423867,28.51281634,,,,,,
70,1550893181,20190222_watercolumn-voltammetry_NF18-2-70,145.991,43.408,4.275239207,21.860356,29.971,38.3145421,24.69881958,,,,,,
74,1550893247,20190222_watercolumn-voltammetry_NF18-2-74,147.373,44.79,4.411351918,21.809942,33.864,51.5316664,33.50341714,,,,,,
214,1550895688,20190222_watercolumn-voltammetry_NF18-2-214,147.565,44.982,4.430261933,21.812606,29.332,36.1450732,23.5315239,,,,,,
213,1550895672,20190222_watercolumn-voltammetry_NF18-2-213,147.619,45.036,4.435580375,21.82133,30.827,41.2207477,26.84992786,,4.43,41.2513036,6.289212214,26.85309983,4.071824193
212,1550895655,20190222_watercolumn-voltammetry_NF18-2-212,147.621,45.038,4.435777354,21.839845,29.321,36.1077271,23.52753041,,,,,,
78,1550893313,20190222_watercolumn-voltammetry_NF18-2-78,149.424,46.841,4.613354213,21.76112,24.346,19.2171046,12.65691446,,,,,,
79,1550893329,20190222_watercolumn-voltammetry_NF18-2-79,149.51,46.927,4.621824324,21.749929,24.434,19.5158734,12.85852656,,,,,,
76,1550893280,20190222_watercolumn-voltammetry_NF18-2-76,149.516,46.933,4.622415262,21.782567,24.849,20.9248399,13.79542851,,4.62,21.76750372,2.998998048,14.35025189,1.983406411
75,1550893263,20190222_watercolumn-voltammetry_NF18-2-75,149.552,46.969,4.62596089,21.792625,26.781,27.4841731,18.12750533,,,,,,
77,1550893296,20190222_watercolumn-voltammetry_NF18-2-77,149.645,47.062,4.635120428,21.770845,25.076,21.6955276,14.31288458,,,,,,
80,1550893346,20190222_watercolumn-voltammetry_NF18-2-80,150.085,47.502,4.678455879,21.747398,,,,,,,,,
87,1550893461,20190222_watercolumn-voltammetry_NF18-2-87,151.506,48.923,4.818409687,21.709427,22.969,14.5420519,9.702308924,,,,,,
81,1550893361,20190222_watercolumn-voltammetry_NF18-2-81,151.54,48.957,4.821758336,21.741403,24.2,18.72142,12.50066409,,,,,,
86,1550893444,20190222_watercolumn-voltammetry_NF18-2-86,151.541,48.958,4.821856826,21.715023,23.774,17.2751074,11.52958812,,,,,,
85,1550893428,20190222_watercolumn-voltammetry_NF18-2-85,151.554,48.971,4.823137191,21.718687,25.485,23.0841235,15.40891421,,4.83,18.27284241,2.815644181,12.204971,1.874340861
83,1550893395,20190222_watercolumn-voltammetry_NF18-2-83,151.571,48.988,4.824811515,21.731344,24.361,19.2680311,12.86597323,,,,,,
82,1550893378,20190222_watercolumn-voltammetry_NF18-2-82,151.602,49.019,4.827864695,21.732676,24.998,21.4307098,14.3133398,,,,,,
84,1550893412,20190222_watercolumn-voltammetry_NF18-2-84,151.628,49.045,4.830425426,21.724749,23.752,17.2004152,11.4883192,,,,,,
88,1550893478,20190222_watercolumn-voltammetry_NF18-2-88,152.274,49.691,4.894049747,21.706496,23.004,14.6608804,9.830660456,,,,,,
89,1550893494,20190222_watercolumn-voltammetry_NF18-2-89,154.424,51.841,5.105802518,21.704964,25.259,22.3168309,15.17512758,,,,,,
141,1550894334,20190222_watercolumn-voltammetry_NF18-2-141,154.512,51.929,5.114469609,21.6502,25.792,24.1264192,16.39894959,,,,,,
143,1550894367,20190222_watercolumn-voltammetry_NF18-2-143,154.554,51.971,5.118606174,21.654531,26.91,27.922141,18.98556228,,,,,,
139,1550894301,20190222_watercolumn-voltammetry_NF18-2-139,154.56,51.977,5.119197112,21.647402,25.023,21.5155873,14.62815607,,,,,,
144,1550894383,20190222_watercolumn-voltammetry_NF18-2-144,154.587,52.004,5.121856333,21.652732,27.62,30.332662,20.62832938,,,,,,
140,1550894318,20190222_watercolumn-voltammetry_NF18-2-140,154.594,52.011,5.122545761,21.646669,26.972,28.1326372,19.13095596,,5.12,22.23665431,4.515807092,15.1292595,3.065783396
90,1550893510,20190222_watercolumn-voltammetry_NF18-2-90,154.607,52.024,5.123826126,21.7013,24.057,18.2359207,12.41405074,,,,,,
91,1550893526,20190222_watercolumn-voltammetry_NF18-2-91,154.619,52.036,5.125008002,21.698835,26.281,25.7866231,17.5547609,,,,,,
93,1550893559,20190222_watercolumn-voltammetry_NF18-2-93,154.661,52.078,5.129144568,21.689109,23.929,17.8013479,12.11981497,,,,,,
94,1550893576,20190222_watercolumn-voltammetry_NF18-2-94,154.667,52.084,5.129735506,21.688709,24.116,18.4362316,12.55246467,,,,,,
96,1550893608,20190222_watercolumn-voltammetry_NF18-2-96,154.667,52.084,5.129735506,21.687043,23.348,15.8287948,10.77684912,,,,,,
95,1550893592,20190222_watercolumn-voltammetry_NF18-2-95,154.673,52.09,5.130326444,21.689442,23.803,17.3735653,11.82955277,,,,,,
92,1550893542,20190222_watercolumn-voltammetry_NF18-2-92,154.706,52.123,5.133576603,21.695771,24.95,21.267745,14.48579943,,,,,,
206,1550895559,20190222_watercolumn-voltammetry_NF18-2-206,154.72,52.137,5.134955458,22.036262,,,,,,,,,
142,1550894351,20190222_watercolumn-voltammetry_NF18-2-142,154.725,52.142,5.135447906,21.651333,25.993,24.8088343,16.88638063,,,,,,
208,1550895591,20190222_watercolumn-voltammetry_NF18-2-208,154.812,52.229,5.144016507,21.940129,,,,,,,,,
142,1550894409,20190222_watercolumn-voltammetry_NF18-2-142,154.818,52.235,5.144607445,21.662193,25.954,24.6764254,16.80960662,,5.14,18.3275884,9.072399662,12.48076981,6.176266674
207,1550895575,20190222_watercolumn-voltammetry_NF18-2-207,154.849,52.266,5.147660624,21.984403,,,,,,,,,
211,1550895638,20190222_watercolumn-voltammetry_NF18-2-211,154.877,52.294,5.150418335,21.862621,,,,,,,,,
143,1550894426,20190222_watercolumn-voltammetry_NF18-2-143,154.878,52.295,5.150516824,21.66166,20.305,5.4975055,3.74632219,,,,,,
209,1550895607,20190222_watercolumn-voltammetry_NF18-2-209,154.882,52.299,5.150910783,21.914361,,,,,,,,,
210,1550895622,20190222_watercolumn-voltammetry_NF18-2-210,154.915,52.332,5.154160942,21.883264,,,,,,,,,
144,1550894442,20190222_watercolumn-voltammetry_NF18-2-144,157.419,54.836,5.400779053,21.66206,19.537,2.8900687,2.001788244,,,,,,
97,1550893624,20190222_watercolumn-voltammetry_NF18-2-97,158.367,55.784,5.494147252,21.681647,24.789,20.7211339,14.4438416,,,,,,
102,1550893703,20190222_watercolumn-voltammetry_NF18-2-102,158.443,55.86,5.501632466,21.669588,,,,,,,,,
103,1550893719,20190222_watercolumn-voltammetry_NF18-2-103,158.457,55.874,5.503011321,21.670521,24.044,18.1917844,12.68542669,,5.49,16.10436375,6.094354052,11.2278065,4.254295731
98,1550893640,20190222_watercolumn-voltammetry_NF18-2-98,158.46,55.877,5.50330679,21.678383,24.71,20.452921,14.26442361,,,,,,
101,1550893687,20190222_watercolumn-voltammetry_NF18-2-101,158.478,55.895,5.505079604,21.672586,23.986,17.9948686,12.55023923,,,,,,
104,1550893734,20190222_watercolumn-voltammetry_NF18-2-104,158.49,55.907,5.50626148,21.670055,23.509,16.3754059,11.42111963,,,,,,
99,1550893655,20190222_watercolumn-voltammetry_NF18-2-99,158.508,55.925,5.508034294,21.676983,,,,,,,,,
100,1550893670,20190222_watercolumn-voltammetry_NF18-2-100,158.515,55.932,5.508723722,21.674252,,,,,,,,,
107,1550893784,20190222_watercolumn-voltammetry_NF18-2-107,159.911,57.328,5.646215289,21.665991,23.606,16.7047306,11.75441666,,,,,,
105,1550893752,20190222_watercolumn-voltammetry_NF18-2-105,159.918,57.335,5.646904716,21.66679,24.143,18.5278993,13.03806031,,,,,,
106,1550893769,20190222_watercolumn-voltammetry_NF18-2-106,159.959,57.376,5.650942792,21.665991,23.588,16.6436188,11.71493023,,,,,,
108,1550893800,20190222_watercolumn-voltammetry_NF18-2-108,161.335,58.752,5.786464566,21.661194,24.986,21.3899686,15.18395302,,5.70,17.77215004,2.040330929,12.55286647,1.462038027
109,1550893816,20190222_watercolumn-voltammetry_NF18-2-109,161.372,58.789,5.790108683,21.663459,23.279,15.5945329,11.07297214,,,,,,
111,1550893849,20190222_watercolumn-voltammetry_NF18-2-111,163.217,60.634,5.971822108,21.655597,20.222,5.2157122,3.745258226,,,,,,
110,1550893832,20190222_watercolumn-voltammetry_NF18-2-110,163.235,60.652,5.973594922,21.659461,22.245,12.0839995,8.678739835,,5.98,8.7047433,2.805040761,6.253123227,2.014924944
112,1550893865,20190222_watercolumn-voltammetry_NF18-2-112,163.37,60.787,5.986891026,21.655397,21.282,8.8145182,6.335371621,,,,,,
114,1550893897,20190222_watercolumn-voltammetry_NF18-2-114,165.119,62.536,6.159149443,21.649201,20.276,5.3990476,3.921637206,0.80,,,,,
113,1550893880,20190222_watercolumn-voltammetry_NF18-2-113,165.125,62.542,6.159740381,21.65,,,,,,,,,
116,1550893929,20190222_watercolumn-voltammetry_NF18-2-116,165.186,62.603,6.165748251,21.649467,18.903,0.7375753,0.535963075,0.20,6.18,1.8975678,2.522466132,1.378060358,1.832479534
117,1550893946,20190222_watercolumn-voltammetry_NF18-2-117,165.478,62.895,6.194507232,21.648002,,,,,,,,,
115,1550893913,20190222_watercolumn-voltammetry_NF18-2-115,165.496,62.913,6.196280046,21.649268,,,,1.09,,,,,
118,1550893962,20190222_watercolumn-voltammetry_NF18-2-118,165.626,63.043,6.209083701,21.646602,18.555,-0.4439195,-0.323419208,,,,,,
119,1550893977,20190222_watercolumn-voltammetry_NF18-2-119,165.683,63.1,6.214697612,21.647069,18.468,-0.7392932,-0.538804671,,,,,,
121,1550894009,20190222_watercolumn-voltammetry_NF18-2-121,165.902,63.319,6.236266848,21.647868,18.462,-0.7596638,-0.554390697,1.74,,,,,
145,1550894458,20190222_watercolumn-voltammetry_NF18-2-145,165.913,63.33,6.237350234,21.658795,18.458,-0.7732442,-0.56444888,,,,,,
120,1550893993,20190222_watercolumn-voltammetry_NF18-2-120,165.988,63.405,6.244736959,21.645936,19.136,1.5286336,1.116112589,1.28,6.27,-0.5865137,1.230214045,-0.429290313,0.900207055
122,1550894026,20190222_watercolumn-voltammetry_NF18-2-122,166.348,63.765,6.280193237,21.64487,18.011,-2.2908539,-1.676233943,1.43,,,,,
126,1550894090,20190222_watercolumn-voltammetry_NF18-2-126,166.638,64.055,6.308755238,21.639407,18.896,0.7138096,0.523159067,,,,,,
123,1550894043,20190222_watercolumn-voltammetry_NF18-2-123,166.9,64.317,6.33455953,21.645137,18.16,-1.784984,-1.310425655,1.42,,,,,
146,1550894475,20190222_watercolumn-voltammetry_NF18-2-146,166.932,64.349,6.337711199,21.657396,,,,1.17,,,,,
124,1550894059,20190222_watercolumn-voltammetry_NF18-2-124,167.079,64.496,6.352189179,21.642472,18.53,-0.528797,-0.388608168,1.23,,,,,
125,1550894074,20190222_watercolumn-voltammetry_NF18-2-125,167.094,64.511,6.353666524,21.641872,18.751,0.2215201,0.162806005,0.37,,,,,
128,1550894124,20190222_watercolumn-voltammetry_NF18-2-128,167.33,64.747,6.376910084,21.643005,18.641,-0.1519409,-0.111828812,,,,,,
129,1550894141,20190222_watercolumn-voltammetry_NF18-2-129,167.364,64.781,6.380258732,21.640273,18.858,0.5847958,0.430477373,,6.38,0.183796767,1.649933561,-0.290873946,1.216180253
127,1550894108,20190222_watercolumn-voltammetry_NF18-2-127,167.421,64.838,6.385872643,21.641739,18.213,-1.6050437,-1.181931177,,,,,,
130,1550894157,20190222_watercolumn-voltammetry_NF18-2-130,167.434,64.851,6.387153009,21.637741,18.611,-0.2537939,-0.186891371,,,,,,
131,1550894172,20190222_watercolumn-voltammetry_NF18-2-131,167.575,64.992,6.401040051,21.643871,,,,,,,,,
135,1550894236,20190222_watercolumn-voltammetry_NF18-2-135,167.589,65.006,6.402418906,21.639207,18.382,-1.0312718,-0.760141475,,,,,,
132,1550894188,20190222_watercolumn-voltammetry_NF18-2-132,167.628,65.045,6.406260003,21.640339,20.016,4.5163216,3.329783307,,,,,,
133,1550894204,20190222_watercolumn-voltammetry_NF18-2-133,167.636,65.053,6.40704792,21.640872,,,,,,,,,
134,1550894219,20190222_watercolumn-voltammetry_NF18-2-134,167.664,65.081,6.409805631,21.640606,18.657,-0.0976193,-0.071988335,1.20,,,,,
159,1550894687,20190222_watercolumn-voltammetry_NF18-2-159,167.836,65.253,6.426745852,21.65633,18.734,0.1638034,0.12095295,43.37,,,,,
160,1550894703,20190222_watercolumn-voltammetry_NF18-2-160,167.854,65.271,6.428518666,21.652532,18.829,0.4863379,0.359127633,2.92,,,,,
161,1550894719,20190222_watercolumn-voltammetry_NF18-2-161,167.898,65.315,6.432852211,21.649667,18.99,1.032949,0.762923901,29.77,,,,,
162,1550894735,20190222_watercolumn-voltammetry_NF18-2-162,167.966,65.383,6.439549508,21.652332,18.448,-0.8071952,-0.59645463,9.25,,,,,
165,1550894783,20190222_watercolumn-voltammetry_NF18-2-165,168.136,65.553,6.456292751,21.652066,20.021,4.5332971,3.353129271,8.95,6.48,0.142159637,1.364053453,0.10455809,1.00957342
164,1550894767,20190222_watercolumn-voltammetry_NF18-2-164,168.213,65.63,6.463876455,21.652199,18.976,0.9854176,0.729216194,36.74,,,,,
163,1550894751,20190222_watercolumn-voltammetry_NF18-2-163,168.22,65.637,6.464565882,21.652266,,,,,,,,,
150,1550894540,20190222_watercolumn-voltammetry_NF18-2-150,168.232,65.649,6.465747758,21.662326,,,,,,,,,
153,1550894589,20190222_watercolumn-voltammetry_NF18-2-153,168.234,65.651,6.465944737,21.666257,,,,63.15,,,,,
155,1550894622,20190222_watercolumn-voltammetry_NF18-2-155,168.289,65.706,6.471361669,21.662326,,,,36.82,,,,,
154,1550894605,20190222_watercolumn-voltammetry_NF18-2-154,168.32,65.737,6.474414848,21.666057,,,,,,,,,
156,1550894639,20190222_watercolumn-voltammetry_NF18-2-156,168.347,65.764,6.477074069,21.657063,,,,65.56,,,,,
157,1550894654,20190222_watercolumn-voltammetry_NF18-2-157,168.347,65.764,6.477074069,21.659328,,,,61.86,,,,,
152,1550894572,20190222_watercolumn-voltammetry_NF18-2-152,168.349,65.766,6.477271048,21.666124,,,,61.00,,,,,
158,1550894671,20190222_watercolumn-voltammetry_NF18-2-158,168.36,65.777,6.478354435,21.657796,,,,,,,,,
151,1550894555,20190222_watercolumn-voltammetry_NF18-2-151,168.46,65.877,6.488203401,21.664591,,,,,,,,,
147,1550894492,20190222_watercolumn-voltammetry_NF18-2-147,168.496,65.913,6.491749029,21.655864,,,,2.78,,,,,
167,1550894814,20190222_watercolumn-voltammetry_NF18-2-167,168.51,65.927,6.493127884,21.648801,,,,,,,,,
137,1550894268,20190222_watercolumn-voltammetry_NF18-2-137,168.552,65.969,6.49726445,21.642472,18.775,0.3030025,0.224636952,8.22,,,,,
166,1550894799,20190222_watercolumn-voltammetry_NF18-2-166,168.585,66.002,6.500514608,21.651599,18.442,-0.8275658,-0.613752466,41.18,,,,,
138,1550894285,20190222_watercolumn-voltammetry_NF18-2-138,168.597,66.014,6.501696484,21.638607,18.418,-0.9090482,-0.674074475,65.08,,,,,
136,1550894252,20190222_watercolumn-voltammetry_NF18-2-136,168.6,66.017,6.501991953,21.637075,18.462,-0.7596638,-0.563298066,1.66,,,,,
169,1550894849,20190222_watercolumn-voltammetry_NF18-2-169,168.633,66.05,6.505242112,21.649601,18.673,-0.0432977,-0.032119125,74.51,,,,,
168,1550894831,20190222_watercolumn-voltammetry_NF18-2-168,168.637,66.054,6.505636071,21.650533,18.952,0.9039352,0.670584782,12.57,,,,,
171,1550894880,20190222_watercolumn-voltammetry_NF18-2-171,168.648,66.065,6.506719457,21.652799,18.398,-0.9769502,-0.724827568,50.12,,,,,
170,1550894865,20190222_watercolumn-voltammetry_NF18-2-170,168.652,66.069,6.507113416,21.648601,18.378,-1.0448522,-0.775166359,88.73,,,,,
172,1550894896,20190222_watercolumn-voltammetry_NF18-2-172,168.652,66.069,6.507113416,21.6508,18.34,-1.173866,-0.870914688,59.10,,,,,
173,1550894912,20190222_watercolumn-voltammetry_NF18-2-173,168.681,66.098,6.509969616,21.655197,18.806,0.4082506,0.302965137,53.10,,,,,
148,1550894508,20190222_watercolumn-voltammetry_NF18-2-148,168.961,66.378,6.537546721,21.658129,,,,75.57,,,,,
178,1550894996,20190222_watercolumn-voltammetry_NF18-2-178,168.991,66.408,6.540501411,21.666124,,,,228.68,,,,,
175,1550894944,20190222_watercolumn-voltammetry_NF18-2-175,168.996,66.413,6.540993859,21.659595,,,,107.52,,,,,
176,1550894961,20190222_watercolumn-voltammetry_NF18-2-176,169.02,66.437,6.543357611,21.66106,,,,303.01,,,,,
177,1550894978,20190222_watercolumn-voltammetry_NF18-2-177,169.03,66.447,6.544342508,21.667323,,,,196.13,,,,,
182,1550895072,20190222_watercolumn-voltammetry_NF18-2-182,169.043,66.46,6.545622873,21.683379,,,,128.97,,,,,
181,1550895053,20190222_watercolumn-voltammetry_NF18-2-181,169.048,66.465,6.546115322,21.678316,,,,152.33,,,,,
180,1550895035,20190222_watercolumn-voltammetry_NF18-2-180,169.072,66.489,6.548479073,21.678383,,,,90.86,,,,,
179,1550895016,20190222_watercolumn-voltammetry_NF18-2-179,169.084,66.501,6.549660949,21.67765,,,,173.15,,,,,
188,1550895193,20190222_watercolumn-voltammetry_NF18-2-188,169.084,66.501,6.549660949,21.718288,,,,132.72,,,,,
185,1550895129,20190222_watercolumn-voltammetry_NF18-2-185,169.096,66.513,6.550842825,21.696837,,,,310.04,,,,,
184,1550895110,20190222_watercolumn-voltammetry_NF18-2-184,169.105,66.522,6.551729232,21.695038,,,,293.19,,,,,
186,1550895148,20190222_watercolumn-voltammetry_NF18-2-186,169.113,66.53,6.55251715,21.700767,,,,366.16,,,,,
149,1550894524,20190222_watercolumn-voltammetry_NF18-2-149,169.142,66.559,6.55537335,21.65573,,,,316.52,,,,,
183,1550895091,20190222_watercolumn-voltammetry_NF18-2-183,169.143,66.56,6.555471839,21.691707,,,,230.34,,,,,
174,1550894928,20190222_watercolumn-voltammetry_NF18-2-174,169.154,66.571,6.556555226,21.653199,,,,115.74,,,,,
187,1550895170,20190222_watercolumn-voltammetry_NF18-2-187,169.466,66.883,6.587284,21.712092,,,,128.85,,,,,
189,1550895216,20190222_watercolumn-voltammetry_NF18-2-189,169.735,67.152,6.613777719,21.722817,,,,124.76,,,,,
190,1550895238,20190222_watercolumn-voltammetry_NF18-2-190,169.899,67.316,6.629930023,21.745066,,,,162.93,,,,,
191,1550895263,20190222_watercolumn-voltammetry_NF18-2-191,169.925,67.342,6.632490754,21.757323,,,,149.53,,,,,
198,1550895422,20190222_watercolumn-voltammetry_NF18-2-198,170.936,68.353,6.732063802,21.929808,,,,555.80,,,,,
200,1550895461,20190222_watercolumn-voltammetry_NF18-2-200,170.96,68.377,6.734427553,21.950049,,,,562.24,,,,,
199,1550895442,20190222_watercolumn-voltammetry_NF18-2-199,170.97,68.387,6.73541245,21.943658,,,,546.79,,,,,
201,1550895478,20190222_watercolumn-voltammetry_NF18-2-201,170.985,68.402,6.736889795,21.95744,,,,772.52,,,,,
194,1550895332,20190222_watercolumn-voltammetry_NF18-2-194,170.989,68.406,6.737283754,21.852099,,,,174.93,,,,,
197,1550895403,20190222_watercolumn-voltammetry_NF18-2-197,171.017,68.434,6.740041464,21.92335,,,,177.65,,,,,
192,1550895286,20190222_watercolumn-voltammetry_NF18-2-192,171.018,68.435,6.740139954,21.774308,,,,176.55,,,,,
196,1550895379,20190222_watercolumn-voltammetry_NF18-2-196,171.019,68.436,6.740238443,21.902042,,,,175.71,,,,,
193,1550895310,20190222_watercolumn-voltammetry_NF18-2-193,171.031,68.448,6.741420319,21.818134,,,,176.72,,,,,
195,1550895355,20190222_watercolumn-voltammetry_NF18-2-195,171.056,68.473,6.743882561,21.876871,,,,184.80,,,,,
205,1550895542,20190222_watercolumn-voltammetry_NF18-2-205,172.413,69.83,6.877533031,22.095436,,,,682.15,,,,,
203,1550895510,20190222_watercolumn-voltammetry_NF18-2-203,172.443,69.86,6.880487721,22.023747,,,,682.22,,,,,
204,1550895526,20190222_watercolumn-voltammetry_NF18-2-204,172.467,69.884,6.882851473,22.060358,,,,680.53,6.88,0,,0,
202,1550895494,20190222_watercolumn-voltammetry_NF18-2-202,172.474,69.891,6.8835409,21.963432,,,,,,,,,
