potential,current
-104.25,-7.361333453019475e-08
-106.25,-7.385811096725198e-08
-108.25,-7.402261980644303e-08
-110.25,-7.289887343631666e-08
-112.25,-7.290364180846712e-08
-114.25,-7.104953977062778e-08
-116.25,-7.087708364451928e-08
-118.25,-6.857872826799491e-08
-120.25,-6.853104454649026e-08
-122.25,-6.71418587933213e-08
-124.25,-6.582658280848457e-08
-126.25,-6.497701783700996e-08
-128.25,-6.518841566901394e-08
-130.25,-6.230275578929056e-08
-132.25,-6.152153748530597e-08
-134.1875,-5.95879625782922e-08
-136.1875,-5.934477559861846e-08
-138.1875,-5.7691739919790415e-08
-140.1875,-5.677780192428453e-08
-142.1875,-5.444209429924817e-08
-144.1875,-5.481164314090925e-08
-146.1875,-5.3842868865673004e-08
-148.1875,-5.249183008970778e-08
-150.1875,-5.151272434147886e-08
-152.1875,-5.1291789765173965e-08
-154.1875,-4.992088277191513e-08
-156.1875,-4.9490139820989744e-08
-158.1875,-4.8088238408752885e-08
-160.1875,-4.788319840628287e-08
-162.1875,-4.671494722941882e-08
-164.1875,-4.611810598191889e-08
-166.1875,-4.485846100550425e-08
-168.1875,-4.608631683424912e-08
-170.1875,-4.356464269534461e-08
-172.1875,-4.3397749670078313e-08
-174.1875,-4.2292282059862065e-08
-176.125,-4.199346407176622e-08
-178.125,-4.1195556465255e-08
-180.125,-4.075845568479566e-08
-182.125,-3.97229241994529e-08
-184.125,-3.8874948685361786e-08
-186.125,-3.846645813780524e-08
-188.125,-3.8198634568687425e-08
-190.125,-3.768126619036192e-08
-192.125,-3.729343858879072e-08
-194.125,-3.663778741810172e-08
-196.125,-3.630400136756913e-08
-198.125,-3.5554572211254304e-08
-200.125,-3.511190832995275e-08
-202.125,-3.464142894444016e-08
-204.125,-3.4141544597333023e-08
-206.125,-3.3322179316144704e-08
-208.125,-3.3557419008901e-08
-210.125,-3.360510273040566e-08
-212.125,-3.224850085359822e-08
-214.125,-3.1428340843718154e-08
-216.125,-3.1483177123448506e-08
-218.125,-3.071149556376484e-08
-220.0625,-3.024498982171096e-08
-222.0625,-2.9813452142093836e-08
-224.0625,-2.8506123444174542e-08
-226.0625,-2.876599972637491e-08
-228.0625,-2.8205715998695212e-08
-230.0625,-2.8009418011834384e-08
-232.0625,-2.7366482500213285e-08
-234.0625,-2.6976270712566857e-08
-236.0625,-2.6452544504707396e-08
-238.0625,-2.603451721284992e-08
-240.0625,-2.5824708838229437e-08
-242.0625,-2.4892492082813432e-08
-244.0625,-2.4547579830596426e-08
-246.0625,-2.4108094864061857e-08
-248.0625,-2.39634542421644e-08
-250.0625,-2.396504369954789e-08
-252.0625,-2.3024879657214443e-08
-254.0625,-2.2210282748176585e-08
-256.0625,-2.2153857011062742e-08
-258.0625,-2.128601327967802e-08
-260.0625,-2.1085741649358467e-08
-262.0,-2.0549299782431098e-08
-264.0,-2.0508768619152144e-08
-266.0,-1.862605634841001e-08
-268.0,-1.9593241166262767e-08
-270.0,-1.8770696970307464e-08
-272.0,-1.907587278793726e-08
-274.0,-1.8281144096193005e-08
-276.0,-1.79847102941724e-08
-278.0,-1.7383895403213747e-08
-280.0,-1.7381511217138513e-08
-282.0,-1.710415090371977e-08
-284.0,-1.653750934650612e-08
-286.0,-1.6488236167617978e-08
-288.0,-1.6167165776153298e-08
-290.0,-1.5747549026912333e-08
-292.0,-1.645167864779774e-08
-294.0,-1.522700173381985e-08
-296.0,-1.4825663744489003e-08
-298.0,-1.4882089481602846e-08
-300.0,-1.4354389630284663e-08
-302.0,-1.4217696295304651e-08
-303.9375,-1.4038882339662195e-08
-305.9375,-1.3798079546063686e-08
-307.9375,-1.2445451312714972e-08
-309.9375,-1.3317268687558415e-08
-311.9375,-1.3395946828041096e-08
-313.9375,-1.2730758913051157e-08
-315.9375,-1.2946925117205594e-08
-317.9375,-1.2558302786942654e-08
-319.9375,-1.2455782785707647e-08
-321.9375,-1.2396972862518572e-08
-323.9375,-1.2162527898454017e-08
-325.9375,-1.1742911149213054e-08
-327.9375,-1.1854173166057248e-08
-329.9375,-1.162449657414316e-08
-331.9375,-1.1761189909123171e-08
-333.9375,-1.2284916116982632e-08
-335.9375,-1.1154017188630564e-08
-337.9375,-1.1212827111819637e-08
-339.9375,-1.1002224008507412e-08
-341.9375,-1.063346989553808e-08
-343.9375,-1.075347392799146e-08
-345.9375,-1.0754268656683204e-08
-347.875,-9.376209105198674e-09
-349.875,-1.0355314853427591e-08
-351.875,-1.0367235783803754e-08
-353.875,-1.0429224621759806e-08
-355.875,-1.013835392058141e-08
-357.875,-1.0025502446353728e-08
-359.875,-1.005411267925652e-08
-361.875,-9.88404073922325e-09
-363.875,-9.875298723614063e-09
-365.875,-9.52879701401357e-09
-367.875,-9.739400117325796e-09
-369.875,-9.793441668364405e-09
-371.875,-9.580454378976946e-09
-373.875,-1.0444324466902947e-08
-375.875,-9.33647267061146e-09
-377.875,-9.365877632206e-09
-379.875,-9.492239494193335e-09
-381.875,-9.073417473644114e-09
-383.875,-9.464423989982286e-09
-385.875,-9.191037320022264e-09
-387.875,-9.19421623478924e-09
-389.8125,-8.010070484090305e-09
-391.8125,-9.020170651297249e-09
-393.8125,-8.758704911713391e-09
-395.8125,-9.123485381224002e-09
-397.8125,-8.719763205817922e-09
-399.8125,-8.920034836137474e-09
-401.8125,-8.812746462752e-09
-403.8125,-8.96056599941643e-09
-405.8125,-8.719763205817922e-09
-407.8125,-8.609295917665472e-09
-409.8125,-8.846919796497003e-09
-411.8125,-8.529823048491047e-09
-413.8125,-8.799236074992347e-09
-415.8125,-9.480318563817171e-09
-417.8125,-8.745194523953738e-09
-419.8125,-8.417766302955107e-09
-421.8125,-8.550485994476397e-09
-423.8125,-8.656979639170127e-09
-425.8125,-8.477370954835927e-09
-427.8125,-8.459886923617553e-09
-429.8125,-7.566611874097014e-09
-431.8125,-8.231005060395209e-09
-433.75,-8.366903666683475e-09
-435.75,-8.166632036363923e-09
-437.75,-8.337498705088938e-09
-439.75,-8.728505221427109e-09
-441.75,-8.30412010003568e-09
-443.75,-8.33431979032196e-09
-445.75,-8.29299389835126e-09
-447.75,-8.30412010003568e-09
-449.75,-8.246899634230092e-09
-451.75,-8.263588936756722e-09
-453.75,-8.057754205594961e-09
-455.75,-9.202163521706683e-09
-457.75,-8.491676071287322e-09
-459.75,-8.200805370108926e-09
-461.75,-8.208752657026369e-09
-463.75,-8.245310176846604e-09
-465.75,-8.227031416936487e-09
-467.75,-8.023580871849958e-09
-469.75,-8.176963509356598e-09
-471.75,-7.36395605770223e-09
-473.75,-7.976691879037048e-09
-475.6875,-8.340677619855915e-09
-477.6875,-8.18650025365753e-09
-479.6875,-8.235773432545673e-09
-481.6875,-8.13802180346113e-09
-483.6875,-8.01642831362426e-09
-485.6875,-8.352598550232078e-09
-487.6875,-8.036296530917866e-09
-489.6875,-8.167426765055667e-09
-491.6875,-8.32478304602103e-09
-493.6875,-8.173784594589622e-09
-495.6875,-8.184910796274041e-09
-497.6875,-9.195805692172728e-09
-499.6875,-8.224647230861254e-09
-501.6875,-8.190473897116251e-09
-503.6875,-8.071264593354613e-09
-505.6875,-8.206368470951137e-09
-507.6875,-8.191268625807995e-09
-509.6875,-8.379619325751382e-09
-511.6875,-8.03311761615089e-09
-513.6875,-7.280509545069084e-09
-515.6875,-8.384387697901848e-09
-517.625,-8.047422732602286e-09
-519.625,-8.246104905538348e-09
-521.625,-8.230210331703463e-09
-523.625,-8.264383665448466e-09
-525.625,-8.397898085661501e-09
-527.625,-8.257231107222769e-09
-529.625,-8.036296530917866e-09
-531.625,-8.223057773477766e-09
-533.625,-8.389950798744059e-09
-535.625,-8.255641649839279e-09
-537.625,-8.211136843101601e-09
-539.625,-9.19421623478924e-09
-541.625,-8.494060257362554e-09
-543.625,-8.194447540574972e-09
-545.625,-8.536180878025e-09
-547.625,-8.392334984819291e-09
-549.625,-8.193652811883228e-09
-551.625,-8.369287852758707e-09
-553.625,-7.592837920924574e-09
-555.625,-8.193652811883228e-09
-557.625,-8.39948754304499e-09
-559.5625,-8.620422119349891e-09
-561.5625,-8.432866148098249e-09
-563.5625,-8.436045062865225e-09
-565.5625,-8.46306583838453e-09
-567.5625,-8.566380568311282e-09
-569.5625,-8.474192040068948e-09
-571.5625,-8.526644133724069e-09
-573.5625,-8.518696846806626e-09
-575.5625,-8.564791110927794e-09
-577.5625,-8.563996382236048e-09
-579.5625,-9.381772206040883e-09
-581.5625,-8.866788013790609e-09
-583.5625,-9.100438249163418e-09
-585.5625,-9.016991736530272e-09
-587.5625,-8.80162026106758e-09
-589.5625,-9.18865313394703e-09
-591.5625,-8.897782432768634e-09
-593.5625,-9.043217783357833e-09
-595.5625,-8.168221493747411e-09
-597.5625,-8.861224912948399e-09
-599.5625,-9.077391117102836e-09
-601.5625,-9.00507080615411e-09
-603.5,-9.256205072745292e-09
-605.5,-9.055138713733996e-09
-607.5,-8.904140262302588e-09
-609.5,-9.109180264772605e-09
-611.5,-9.093285690937721e-09
-613.5,-9.069443830185393e-09
-615.5,-9.085338404020278e-09
-617.5,-9.140969412442375e-09
-619.5,-9.204547707781915e-09
-621.5,-1.0286173457245841e-08
-623.5,-9.437403214462982e-09
-625.5,-9.272099646580177e-09
-627.5,-9.23156848330122e-09
-629.5,-9.117127551690047e-09
-631.5,-9.236336855451686e-09
-633.5,-9.260973444895758e-09
-635.5,-8.589427700371865e-09
-637.5,-8.954208169882477e-09
-639.5,-9.490650036809846e-09
-641.5,-9.255410344053548e-09
-643.5,-9.362698717439021e-09
-645.4375,-9.578070192901714e-09
-647.4375,-9.276868018730642e-09
-649.4375,-9.578864921593458e-09
-651.4375,-9.413561353710654e-09
-653.4375,-9.449324144839145e-09
-655.4375,-9.290378406490295e-09
-657.4375,-9.518465541020895e-09
-659.4375,-9.582838565052179e-09
-661.4375,-9.922187716426975e-09
-663.4375,-9.698074225355095e-09
-665.4375,-9.352367244446346e-09
-667.4375,-9.176732203570867e-09
-669.4375,-9.60191205365404e-09
-671.4375,-9.229184297225987e-09
-673.4375,-9.723505543490911e-09
-675.4375,-9.504955153261242e-09
-677.4375,-8.280278239283351e-09
-679.4375,-9.598733138887064e-09
-681.4375,-9.340446314070183e-09
-683.4375,-9.61860135618067e-09
-685.4375,-9.527207556630082e-09
-687.375,-9.28402057695634e-09
-689.375,-9.563765076450317e-09
-691.375,-9.508928796719964e-09
-693.375,-9.740989574709285e-09
-695.375,-9.547075773923687e-09
-697.375,-9.700458411430329e-09
-699.375,-9.475550191666705e-09
-701.375,-9.840330661177316e-09
-703.375,-1.0447503381669925e-08
-705.375,-9.835562289026851e-09
-707.375,-9.721916086107423e-09
-709.375,-9.967487251856397e-09
-711.375,-9.553433603457642e-09
-713.375,-9.99053438391698e-09
-715.375,-9.744168489476263e-09
-717.375,-9.668669263760558e-09
-719.375,-8.742810337878506e-09
-721.375,-1.0073186167858382e-08
-723.375,-9.837151746410339e-09
-725.375,-9.692511124512886e-09
-727.375,-9.841920118560805e-09
-729.375,-1.0013581515977563e-08
-731.3125,-9.934903375494882e-09
-733.3125,-1.0201137487229207e-08
-735.3125,-9.79423639705615e-09
-737.3125,-1.0194779657695253e-08
-739.3125,-1.0052523221873032e-08
-741.3125,-1.0291736558088051e-08
-743.3125,-1.0012786787285819e-08
-745.3125,-1.1334420601656508e-08
-747.3125,-1.0025502446353728e-08
-749.3125,-1.040538276100748e-08
-751.3125,-1.0248821208733862e-08
-753.3125,-1.01812692699356e-08
-755.3125,-1.042604570699283e-08
-757.3125,-1.0333062450058751e-08
-759.3125,-9.169579645345168e-09
-761.3125,-1.0390282915864338e-08
-763.3125,-1.0453066482512134e-08
-765.3125,-1.0654927570215174e-08
-767.3125,-1.0462603226813065e-08
-769.3125,-1.0678769430967502e-08
-771.3125,-1.05476391968297e-08
-773.25,-1.041889314876713e-08
-775.25,-1.0561149584589351e-08
-777.25,-1.0810694393797047e-08
-779.25,-1.0646980283297731e-08
-781.25,-1.070102183433634e-08
-783.25,-1.0711353307329015e-08
-785.25,-1.1602244170774321e-08
-787.25,-1.0995071450281714e-08
-789.25,-1.0827383696323677e-08
-791.25,-1.0645390825914243e-08
-793.25,-1.1092028350674512e-08
-795.25,-1.0858378115301702e-08
-797.25,-1.0914803852415544e-08
-799.25,-1.0774931602668556e-08
-801.25,-1.0102591129452919e-08
-803.25,-1.1017323853650552e-08
-805.25,-1.1247795174256384e-08
-807.25,-1.1132559513953468e-08
-809.25,-1.1018118582342296e-08
-811.25,-1.1192164165834287e-08
-813.25,-1.1426609129898842e-08
-815.25,-1.1150838273863586e-08
-817.1875,-1.1528334402442105e-08
-819.1875,-1.12319006004215e-08
-821.1875,-1.1716685102385493e-08
-823.1875,-1.1626880760218393e-08
-825.1875,-1.145045099065117e-08
-827.1875,-1.2687048835005223e-08
-829.1875,-1.1649133163587232e-08
-831.1875,-1.1629264946293626e-08
-833.1875,-1.1943182779532605e-08
-835.1875,-1.1550586805810945e-08
-837.1875,-1.174609006398003e-08
-839.1875,-1.1775495025574567e-08
-841.1875,-1.1167527576390215e-08
-843.1875,-1.1504492541689779e-08
-845.1875,-1.194238805084086e-08
-847.1875,-1.2179217200980647e-08
-849.1875,-1.2088618130121802e-08
-851.1875,-1.2031397664316217e-08
-853.1875,-1.2131533479475992e-08
-855.1875,-1.2139480766393435e-08
-857.1875,-1.2289684489133098e-08
-859.125,-1.2071928827595173e-08
-861.125,-1.2344520768863451e-08
-863.125,-1.2612344337981265e-08
-865.125,-1.2327036737645078e-08
-867.125,-1.3527077062178898e-08
-869.125,-1.29667933344992e-08
-871.125,-1.2613139066673009e-08
-873.125,-1.3031166358530484e-08
-875.125,-1.2874604806256866e-08
-877.125,-1.2817384340451281e-08
-879.125,-1.3022424342921297e-08
-881.125,-1.3152759848367355e-08
-883.125,-1.2110870533490642e-08
-885.125,-1.3399125742808072e-08
-887.125,-1.3141633646682936e-08
-889.125,-1.3445220006929239e-08
-891.125,-1.3449988379079705e-08
-893.125,-1.3553303109006458e-08
-895.125,-1.3590655357518437e-08
-897.125,-1.4007887920684168e-08
-899.125,-1.3608934117428555e-08
-901.125,-1.3877552415238111e-08
-903.0625,-1.3957025284412536e-08
-905.0625,-1.4095308076776036e-08
-907.0625,-1.4131070867904527e-08
-909.0625,-1.5478930729102777e-08
-911.0625,-1.4360747459818616e-08
-913.0625,-1.4264585288117561e-08
-915.0625,-1.461585536986852e-08
-917.0625,-1.4629365757628173e-08
-919.0625,-1.452048792685921e-08
-921.0625,-1.499335149844704e-08
-923.0625,-1.4590424051732704e-08
-925.0625,-1.4231206683064304e-08
-927.0625,-1.507361909631321e-08
-929.0625,-1.517852328362345e-08
-931.0625,-1.5151502508104147e-08
-933.0625,-1.5362900340108118e-08
-935.0625,-1.535972142534114e-08
-937.0625,-1.5517872434998246e-08
-939.0625,-1.5447936310124752e-08
-941.0625,-1.5753112127754543e-08
-943.0625,-1.5818279880477573e-08
-945.0,-1.5997888564811773e-08
-947.0,-1.6117892597265157e-08
-949.0,-1.645167864779774e-08
-951.0,-1.7258328269918156e-08
-953.0,-1.635631120478843e-08
-955.0,-1.670201818569718e-08
-957.0,-1.6485851981542744e-08
-959.0,-1.6761622837577998e-08
-961.0,-1.7035804236229765e-08
-963.0,-1.6743344077667882e-08
-965.0,-1.5939873370314442e-08
-967.0,-1.7191571059811638e-08
-969.0,-1.7039777879688487e-08
-971.0,-1.7472905016689103e-08
-973.0,-1.7214618191872222e-08
-975.0,-1.763105602634621e-08
-977.0,-1.765330842971505e-08
-979.0,-1.7664434631399466e-08
-981.0,-1.779238595077029e-08
-983.0,-1.767794501915912e-08
-985.0,-1.8000604868007286e-08
-986.9375,-1.8001399596699032e-08
-988.9375,-1.8312933243862776e-08
-990.9375,-1.9215745037684247e-08
-992.9375,-1.8469494796136395e-08
-994.9375,-1.819213448271765e-08
-996.9375,-1.8603803945041173e-08
-998.9375,-1.8537046734934655e-08
-1000.9375,-1.861254596065036e-08
-1002.9375,-1.8428168904165692e-08
-1004.9375,-1.877387588507444e-08
-1006.9375,-1.7905237424997977e-08
-1008.9375,-1.875480239647258e-08
-1010.9375,-1.906872022971156e-08
-1012.9375,-1.8885137901918638e-08
-1014.9375,-1.920143992123285e-08
-1016.9375,-1.9198261006465874e-08
-1018.9375,-1.9110840850374006e-08
-1020.9375,-1.9211771394225525e-08
-1022.9375,-1.9088588447005165e-08
-1024.9375,-1.9628209228699514e-08
-1026.9375,-1.923322906890262e-08
-1028.875,-1.9675098221512424e-08
-1030.875,-1.95058210101709e-08
-1032.875,-2.05977782326275e-08
-1034.875,-1.967271403543719e-08
-1036.875,-1.9713245198716148e-08
-1038.875,-1.9869806750989764e-08
-1040.875,-1.970052953964824e-08
-1042.875,-2.000729481466152e-08
-1044.875,-1.999060551213489e-08
-1046.875,-1.894315309641597e-08
-1048.875,-1.995881636446512e-08
-1050.875,-2.0112199001971763e-08
-1052.875,-2.043167993605295e-08
-1054.875,-2.0353796524262013e-08
-1056.875,-2.0406248617917133e-08
-1058.875,-2.0396711873616204e-08
-1060.875,-2.040783807530062e-08
-1062.875,-2.0476184742790627e-08
-1064.875,-2.0570757457108194e-08
-1066.875,-2.038161202847306e-08
-1068.875,-2.0638309395906454e-08
-1070.875,-2.0859243972211357e-08
-1072.8125,-2.1509332042058155e-08
-1074.8125,-2.108256273459149e-08
-1076.8125,-2.0720166451156114e-08
-1078.8125,-2.089500676333985e-08
-1080.8125,-2.0978453275972995e-08
-1082.8125,-2.105077358692172e-08
-1084.8125,-2.0927590639701363e-08
-1086.8125,-2.1320186613423022e-08
-1088.8125,-2.0257634352560958e-08
-1090.8125,-2.0937922112694038e-08
-1092.8125,-2.1277271264068834e-08
-1094.8125,-2.1395685839138727e-08
-1096.8125,-2.1213692968729293e-08
-1098.8125,-2.1533968631502227e-08
-1100.8125,-2.1234355914714643e-08
-1102.8125,-2.1595162740766534e-08
-1104.8125,-2.1664304136948283e-08
-1106.8125,-2.1427474986808497e-08
-1108.8125,-2.1622978244977583e-08
-1110.8125,-2.1549068476645366e-08
-1112.8125,-2.1839939177823764e-08
-1114.75,-2.2656920272936852e-08
-1116.75,-2.1750929564348408e-08
-1118.75,-2.1845502278665974e-08
-1120.75,-2.1788281812860386e-08
-1122.75,-2.1899543829704583e-08
-1124.75,-2.1991732357946915e-08
-1126.75,-2.1995706001405637e-08
-1128.75,-2.2234919337620657e-08
-1130.75,-2.079010257602961e-08
-1132.75,-2.2095047087873668e-08
-1134.75,-2.212763096423518e-08
-1136.75,-2.2469364301685208e-08
-1138.75,-2.2310418563336358e-08
-1140.75,-2.2355718098765783e-08
-1142.75,-2.220392491864263e-08
-1144.75,-2.266963593200476e-08
-1146.75,-2.2455059185233814e-08
-1148.75,-2.264499934256069e-08
-1150.75,-2.2457443371309045e-08
-1152.75,-2.2846860430263727e-08
-1154.75,-2.2702219808366274e-08
-1156.6875,-2.3799740131665086e-08
-1158.6875,-2.304951624665851e-08
-1160.6875,-2.2978785393093275e-08
-1162.6875,-2.286911283363257e-08
-1164.6875,-2.307335810741084e-08
-1166.6875,-2.325296679174504e-08
-1168.6875,-2.313534694536689e-08
-1170.6875,-2.219836181780042e-08
-1172.6875,-2.291600182644548e-08
-1174.6875,-2.334833423475435e-08
-1176.6875,-2.3283166482031324e-08
-1178.6875,-2.3244224776135854e-08
-1180.6875,-2.3098789425546656e-08
-1182.6875,-2.3408733615326915e-08
-1184.6875,-2.341906508831959e-08
-1186.6875,-2.3203693612856897e-08
-1188.6875,-2.3798150674281597e-08
-1190.6875,-2.3581984470127162e-08
-1192.6875,-2.370516741734752e-08
-1194.6875,-2.3488206484501338e-08
-1196.6875,-2.4850371462150986e-08
-1198.6875,-2.379656121689811e-08
-1200.625,-2.3856165868778928e-08
-1202.625,-2.3691657029587868e-08
-1204.625,-2.3967427885623122e-08
-1206.625,-2.3674172998369494e-08
-1208.625,-2.4205051764454653e-08
-1210.625,-2.400239594805987e-08
-1212.625,-2.292951221420513e-08
-1214.625,-2.4211409593988606e-08
-1216.625,-2.436320277411176e-08
-1218.625,-2.398173300207452e-08
-1220.625,-2.42471723851171e-08
-1222.625,-2.4448238744128395e-08
-1224.625,-2.464374200229748e-08
-1226.625,-2.4367971146262226e-08
-1228.625,-2.429167719185478e-08
-1230.625,-2.449751192301654e-08
-1232.625,-2.476295130605912e-08
-1234.625,-2.463420525799655e-08
-1236.625,-2.4731956887081094e-08
-1238.625,-2.5523506664058368e-08
-1240.625,-2.490361828449785e-08
-1242.5625,-2.481540339971424e-08
-1244.5625,-2.52008468152102e-08
-1246.5625,-2.4731162158389348e-08
-1248.5625,-2.5302572087753465e-08
-1250.5625,-2.490918138534006e-08
-1252.5625,-2.458175316434143e-08
-1254.5625,-2.4934612703475878e-08
-1256.5625,-2.5249325265406598e-08
-1258.5625,-2.5235814877646947e-08
-1260.5625,-2.5149189450246825e-08
-1262.5625,-2.5526685578825344e-08
-1264.5625,-2.5420191934131615e-08
-1266.5625,-2.5545759067427206e-08
-1268.5625,-2.5573574571638254e-08
-1270.5625,-2.564907379735396e-08
-1272.5625,-2.5444828523575687e-08
-1274.5625,-2.572775193783664e-08
-1276.5625,-2.5620463564451165e-08
-1278.5625,-2.6222867912793306e-08
-1280.5625,-2.6322208999261337e-08
-1282.5625,-2.6050411786684805e-08
-1284.5625,-2.5831861396455135e-08
-1286.5,-2.5725367751761406e-08
-1288.5,-2.6028159383315967e-08
-1290.5,-2.6222867912793306e-08
-1292.5,-2.5943918141991075e-08
-1294.5,-2.533118232065626e-08
-1296.5,-2.6195847137274003e-08
-1298.5,-2.638578729460088e-08
-1300.5,-2.6578111638002987e-08
-1302.5,-2.646843907854228e-08
-1304.5,-2.661625861520671e-08
-1306.5,-2.6613079700439735e-08
-1308.5,-2.6727520632050905e-08
-1310.5,-2.6788714741315212e-08
-1312.5,-2.688885055647499e-08
-1314.5,-2.7003291488086163e-08
-1316.5,-2.7209126219247923e-08
-1318.5,-2.7623179867646678e-08
-1320.5,-2.8388503597796392e-08
-1322.5,-2.7976039406781125e-08
-1324.5,-2.7805172738056112e-08
-1326.5,-2.832254111638162e-08
-1328.4375,-2.829631506955406e-08
-1330.4375,-2.8769973369833633e-08
-1332.4375,-2.8990907946138533e-08
-1334.4375,-2.9357277873032632e-08
-1336.4375,-2.852281274670117e-08
-1338.4375,-3.017346423945398e-08
-1340.4375,-3.0879978046414615e-08
-1342.4375,-3.103892378476347e-08
-1344.4375,-3.185590487987656e-08
-1346.4375,-3.24583092282187e-08
-1348.4375,-3.316561776387108e-08
-1350.4375,-3.4023924750954877e-08
-1352.4375,-3.503243546077833e-08
-1354.4375,-3.618717624988273e-08
-1356.4375,-3.7061377810801405e-08
-1358.4375,-3.85411626348292e-08
-1360.4375,-4.0051147149143275e-08
-1362.4375,-4.27707087322921e-08
-1364.4375,-4.334529757642319e-08
-1366.4375,-4.545132860954546e-08
-1368.4375,-4.7429408323296904e-08
-1370.375,-4.940907749443183e-08
-1372.375,-5.240202574754068e-08
-1374.375,-5.503734608936462e-08
-1376.375,-5.718549774314933e-08
-1378.375,-6.107013158839522e-08
-1380.375,-6.489198186699333e-08
-1382.375,-6.86574064084776e-08
-1384.375,-7.262469203766489e-08
-1386.375,-7.6825627902225e-08
-1388.375,-8.141041772489759e-08
-1390.375,-8.608819080450425e-08
-1392.375,-9.149631955182388e-08
-1394.375,-9.692113760167014e-08
-1396.375,-1.019636911507874e-07
-1398.375,-1.074322192786796e-07
-1400.375,-1.1345149438995056e-07
-1402.375,-1.1996747493356168e-07
-1404.375,-1.248312145270365e-07
-1406.375,-1.305246508746923e-07
-1408.375,-1.3620934520673894e-07
-1410.375,-1.416778733346311e-07
-1412.375,-1.4646690843108198e-07
-1414.3125,-1.5145224151439366e-07
-1416.3125,-1.5611253056278196e-07
-1418.3125,-1.5923581432133685e-07
-1420.3125,-1.6426406275400274e-07
-1422.3125,-1.6771636419093977e-07
-1424.3125,-1.7142695245269366e-07
-1426.3125,-1.742323447345509e-07
-1428.3125,-1.761309515791279e-07
-1430.3125,-1.7791909113555246e-07
-1432.3125,-1.7958245828737318e-07
-1434.3125,-1.808365401629456e-07
-1436.3125,-1.8153749086906403e-07
-1438.3125,-1.813252983083683e-07
-1440.3125,-1.8101853303335503e-07
-1442.3125,-1.8051388031409743e-07
-1444.3125,-1.8148344931802543e-07
-1446.3125,-1.794950381312813e-07
-1448.3125,-1.7868044122224344e-07
-1450.3125,-1.7750424275846194e-07
-1452.3125,-1.770218424425732e-07
-1454.3125,-1.7568272459698414e-07
-1456.25,-1.7414412984976727e-07
-1458.25,-1.7252049913253376e-07
-1460.25,-1.7182829044202453e-07
-1462.25,-1.7052255120148871e-07
-1464.25,-1.6953311398026713e-07
-1466.25,-1.680008770625842e-07
-1468.25,-1.6704402371772413e-07
-1470.25,-1.6600690277499788e-07
-1472.25,-1.65332178115707e-07
-1474.25,-1.6369901065417257e-07
-1476.25,-1.6295355514131645e-07
-1478.25,-1.6170901001004496e-07
-1480.25,-1.6103508007944585e-07
-1482.25,-1.5986285525912309e-07
-1484.25,-1.5969039913301457e-07
-1486.25,-1.5867791477973239e-07
-1488.25,-1.576455622091566e-07
-1490.25,-1.5662830948372397e-07
-1492.25,-1.5588921180040182e-07
-1494.25,-1.552136924124192e-07
-1496.25,-1.5447856837255578e-07
-1498.25,-1.5433313302196657e-07
-1500.1875,-1.5210312431293221e-07
-1502.1875,-1.529042108342104e-07
-1504.1875,-1.523796898976592e-07
-1506.1875,-1.51681123377616e-07
-1508.1875,-1.513449531410082e-07
-1510.1875,-1.5034995281894439e-07
-1512.1875,-1.5006146630384123e-07
-1514.1875,-1.4983417389800237e-07
-1516.1875,-1.4936448924118153e-07
-1518.1875,-1.4852207682793261e-07
-1520.1875,-1.4867943310889798e-07
-1522.1875,-1.4844896178829214e-07
-1524.1875,-1.4819067496347527e-07
-1526.1875,-1.4924130629396115e-07
-1528.1875,-1.481016653499999e-07
-1530.1875,-1.4789265170407117e-07
-1532.1875,-1.4789026751799593e-07
-1534.1875,-1.4826299527442397e-07
-1536.1875,-1.4826379000311572e-07
-1538.1875,-1.4862857047262633e-07
-1540.1875,-1.4844975651698388e-07
-1542.125,-1.4811914938121828e-07
-1544.125,-1.493621050551063e-07
-1546.125,-1.498437106423033e-07
-1548.125,-1.5023789607340845e-07
-1550.125,-1.506749968538678e-07
-1552.125,-1.5128296430305213e-07
-1554.125,-1.5155317205824518e-07
-1556.125,-1.5229942229979305e-07
-1558.125,-1.5299004153291878e-07
-1560.125,-1.5336276928934686e-07
-1562.125,-1.540931249570598e-07
-1564.125,-1.5431803317682343e-07
-1566.125,-1.5512309334156037e-07
-1568.125,-1.5632551785216942e-07
-1570.125,-1.5626988684374733e-07
-1572.125,-1.5651625273818803e-07
-1574.125,-1.571639566219596e-07
-1576.125,-1.5770596158972918e-07
-1578.125,-1.5834810237265853e-07
-1580.125,-1.5901805865979893e-07
-1582.125,-1.5885593400668312e-07
-1584.0625,-1.6029280348135672e-07
-1586.0625,-1.609301758921356e-07
-1588.0625,-1.6161523202441914e-07
-1590.0625,-1.6238452939802758e-07
-1592.0625,-1.6304018056871658e-07
-1594.0625,-1.6365132693266793e-07
-1596.0625,-1.6481401500868975e-07
-1598.0625,-1.6528052075074363e-07
-1600.0625,-1.6648930309088663e-07
-1602.0625,-1.6698521379453505e-07
-1604.0625,-1.680692237300742e-07
-1606.0625,-1.6877096916488438e-07
-1608.0625,-1.709644203540985e-07
-1610.0625,-1.7079752732883222e-07
-1612.0625,-1.7164550284292335e-07
-1614.0625,-1.7242990006167493e-07
-1616.0625,-1.7386676953634853e-07
-1618.0625,-1.7475448148502684e-07
-1620.0625,-1.7586630692477707e-07
-1622.0625,-1.773468864774966e-07
-1624.0625,-1.771942985686817e-07
-1626.0625,-1.7943066510725003e-07
-1628.0,-1.8073243070432712e-07
-1630.0,-1.8196028653307198e-07
-1632.0,-1.8368643725154048e-07
-1634.0,-1.8486263571532198e-07
-1636.0,-1.8640917774945628e-07
-1638.0,-1.8799545621817782e-07
-1640.0,-1.895340509653947e-07
-1642.0,-1.911274819923419e-07
-1644.0,-1.926628978247918e-07
-1646.0,-1.9439302218671903e-07
-1648.0,-1.9646011151394582e-07
-1650.0,-1.9890549169844288e-07
-1652.0,-2.000856638056831e-07
-1654.0,-2.015169701795145e-07
-1656.0,-2.0373028958602223e-07
-1658.0,-2.0525298975940422e-07
-1660.0,-2.0737968373851184e-07
-1662.0,-2.0936571073918072e-07
-1664.0,-2.1083754827629108e-07
-1666.0,-2.1314464566842464e-07
-1668.0,-2.1515769344461283e-07
-1669.9375,-2.175458531633043e-07
-1671.9375,-2.1939598155768493e-07
-1673.9375,-2.2152505972286776e-07
-1675.9375,-2.2407613882336682e-07
-1677.9375,-2.261090548168486e-07
-1679.9375,-2.2843602042627578e-07
-1681.9375,-2.3059291409566968e-07
-1683.9375,-2.3305100993923465e-07
-1685.9375,-2.3523571911283957e-07
-1687.9375,-2.3801170643310226e-07
-1689.9375,-2.4082027762972644e-07
-1691.9375,-2.432513526977721e-07
-1693.9375,-2.456124916409443e-07
-1695.9375,-2.478885946140998e-07
-1697.9375,-2.507567704626048e-07
-1699.9375,-2.537505134444054e-07
-1701.9375,-2.562483457225576e-07
-1703.9375,-2.595043491726338e-07
-1705.9375,-2.610993696569645e-07
-1707.9375,-2.654958087796937e-07
-1709.9375,-2.6844266276868135e-07
-1711.9375,-2.718369490111211e-07
-1713.875,-2.750079164911806e-07
-1715.875,-2.7838789761716895e-07
-1717.875,-2.8216365363164586e-07
-1719.875,-2.8549277212136256e-07
-1721.875,-2.897326496918181e-07
-1723.875,-2.93098325701355e-07
-1725.875,-2.9731277195367477e-07
-1727.875,-3.007960678095898e-07
-1729.875,-3.053109215073889e-07
-1731.875,-3.1005942544056083e-07
-1733.875,-3.138804809904672e-07
-1735.875,-3.180996956149374e-07
-1737.875,-3.223689781469875e-07
-1739.875,-3.271039716923998e-07
-1741.875,-3.3185565454033864e-07
-1743.875,-3.3673528870764837e-07
-1745.875,-3.4135822550752467e-07
-1747.875,-3.449527833802839e-07
-1749.875,-3.5130584454208743e-07
-1751.875,-3.562903828967074e-07
-1753.875,-3.61390951640322e-07
-1755.8125,-3.6666715542481205e-07
-1757.8125,-3.717176562608468e-07
-1759.8125,-3.776725583480865e-07
-1761.8125,-3.82614976082044e-07
-1763.8125,-3.8862233026293875e-07
-1765.8125,-3.9357746365596414e-07
-1767.8125,-3.995514392318057e-07
-1769.8125,-4.049253946453803e-07
-1771.8125,-4.1087552836046955e-07
-1773.8125,-4.176450273567471e-07
-1775.8125,-4.2257790834640365e-07
-1777.8125,-4.284819477973717e-07
-1779.8125,-4.3466732120521717e-07
-1781.8125,-4.402137327449003e-07
-1783.8125,-4.468354122045134e-07
-1785.8125,-4.5276806188838425e-07
-1787.8125,-4.579322089273384e-07
-1789.8125,-4.6504900436190815e-07
-1791.8125,-4.719210233594207e-07
-1793.8125,-4.780301028128587e-07
-1795.8125,-4.84797217623061e-07
-1797.75,-4.911383578544884e-07
-1799.75,-4.980175294102266e-07
-1801.75,-5.045915251483351e-07
-1803.75,-5.114277813547192e-07
-1805.75,-5.181980750796884e-07
-1807.75,-5.249826739211091e-07
-1809.75,-5.322695412957121e-07
-1811.75,-5.388745314527986e-07
-1813.75,-5.472899135696784e-07
-1815.75,-5.529793762738756e-07
-1817.75,-5.602638594624034e-07
-1819.75,-5.673878074551989e-07
-1821.75,-5.746420909534404e-07
-1823.75,-5.82091877709851e-07
-1825.75,-5.89279403997986e-07
-1827.75,-5.965018983485577e-07
-1829.75,-6.030067526904844e-07
-1831.75,-6.110883487568317e-07
-1833.75,-6.188258272996538e-07
-1835.75,-6.263765445999158e-07
-1837.75,-6.335553288724417e-07
-1839.75,-6.41195850514871e-07
-1841.6875,-6.484922546337749e-07
-1843.6875,-6.555693136337574e-07
-1845.6875,-6.630771155846654e-07
-1847.6875,-6.701700691584828e-07
-1849.0625,-6.733720310575204e-07
-1848.375,-6.394665208816355e-07
-1846.375,-6.196412189373834e-07
-1844.375,-6.030162894347854e-07
-1842.375,-5.861370467508292e-07
-1840.375,-5.715625172729314e-07
-1838.375,-5.571318336882392e-07
-1836.4375,-5.441388143069125e-07
-1834.4375,-5.315685905895937e-07
-1832.4375,-5.190762502840658e-07
-1830.4375,-5.06745239902962e-07
-1828.4375,-4.957922890733427e-07
-1826.4375,-4.849561633614099e-07
-1824.4375,-4.7434653532662415e-07
-1822.4375,-4.6404685148161863e-07
-1820.4375,-4.54014991205731e-07
-1818.4375,-4.4421121806437387e-07
-1816.4375,-4.3434942972851945e-07
-1814.4375,-4.246720184491497e-07
-1812.4375,-4.1578218330329853e-07
-1810.4375,-4.0674373389209117e-07
-1808.4375,-3.979262190571887e-07
-1806.4375,-3.8960382019724293e-07
-1804.4375,-3.8162871777558933e-07
-1802.4375,-3.729916063537128e-07
-1800.4375,-3.648893473413802e-07
-1798.4375,-3.5742684492590165e-07
-1796.4375,-3.493222017274938e-07
-1794.5,-3.41757974039472e-07
-1792.5,-3.344583910058011e-07
-1790.5,-3.2695774161311884e-07
-1788.5,-3.193641089635025e-07
-1786.5,-3.1348152718721155e-07
-1784.5,-3.0674779098206254e-07
-1782.5,-3.001960476473229e-07
-1780.5,-2.9397411671965717e-07
-1778.5,-2.8798027292652206e-07
-1776.5,-2.819315928536565e-07
-1774.5,-2.757438352597358e-07
-1772.5,-2.7034603798540886e-07
-1770.5,-2.648028053604927e-07
-1768.5,-2.593446087055932e-07
-1766.5,-2.541208570147582e-07
-1764.5,-2.4890743679691595e-07
-1762.5,-2.45234200783674e-07
-1760.5,-2.3945890738076853e-07
-1758.5,-2.3484391786780966e-07
-1756.5,-2.2987924773048334e-07
-1754.5,-2.258610994650244e-07
-1752.5,-2.2155366995577055e-07
-1750.5625,-2.17204914554546e-07
-1748.5625,-2.1335604350042862e-07
-1746.5625,-2.0805361366911097e-07
-1744.5625,-2.054357773585054e-07
-1742.5625,-2.018889032072508e-07
-1740.5625,-1.9828798750495762e-07
-1738.5625,-1.943350069922217e-07
-1736.5625,-1.9117913935730528e-07
-1734.5625,-1.8782935792160327e-07
-1732.5625,-1.8408380159741262e-07
-1730.5625,-1.8102250667681376e-07
-1728.5625,-1.7761788896138138e-07
-1726.5625,-1.7435075930962077e-07
-1724.5625,-1.711146240768382e-07
-1722.5625,-1.6831558962451493e-07
-1720.5625,-1.6626439487112303e-07
-1718.5625,-1.6256175389628654e-07
-1716.5625,-1.5934310269472234e-07
-1714.5625,-1.5632233893740244e-07
-1712.5625,-1.5380463844195665e-07
-1710.5625,-1.507274489475229e-07
-1708.625,-1.480102715504493e-07
-1706.625,-1.4413914809296306e-07
-1704.625,-1.428556612557961e-07
-1702.625,-1.4002801657057007e-07
-1700.625,-1.3781390243537057e-07
-1698.625,-1.3521593434205862e-07
-1696.625,-1.3318937617811078e-07
-1694.625,-1.3047060932365369e-07
-1692.625,-1.2816589611759536e-07
-1690.625,-1.2596608709884727e-07
-1688.625,-1.2388151374040212e-07
-1686.625,-1.2177945635073856e-07
-1684.625,-1.1946679585776278e-07
-1682.625,-1.1756342064103531e-07
-1680.625,-1.1687439086529305e-07
-1678.625,-1.1357388260847917e-07
-1676.625,-1.1251768817715106e-07
-1674.625,-1.1034648939130577e-07
-1672.625,-1.0876497929473471e-07
-1670.625,-1.069816081104606e-07
-1668.625,-1.0537784561052071e-07
-1666.6875,-1.0397594419828385e-07
-1664.6875,-1.0176977735000181e-07
-1662.6875,-1.0091623873506848e-07
-1660.6875,-1.0022005640110053e-07
-1658.6875,-9.87577556082911e-08
-1656.6875,-9.773891342547497e-08
-1654.6875,-9.639105356427673e-08
-1652.6875,-9.533883277640733e-08
-1650.6875,-9.421985477843142e-08
-1648.6875,-9.332896391498613e-08
-1646.6875,-9.21289235904523e-08
-1644.6875,-9.123644326962351e-08
-1642.6875,-9.008408666659434e-08
-1640.6875,-8.94117461933787e-08
-1638.6875,-8.92893579748501e-08
-1636.6875,-8.772851082426438e-08
-1634.6875,-8.661032755498022e-08
-1632.6875,-8.617322677452088e-08
-1630.6875,-8.449475977755703e-08
-1628.6875,-8.411487946290327e-08
-1626.6875,-8.302292224044667e-08
-1624.6875,-8.145253834556003e-08
-1622.75,-8.091530174994092e-08
-1620.75,-8.039634391423192e-08
-1618.75,-7.933935475421207e-08
-1616.75,-7.884582823663889e-08
-1614.75,-7.775704992894927e-08
-1612.75,-7.698298418319036e-08
-1610.75,-7.60245413809468e-08
-1608.75,-7.542849486213861e-08
-1606.75,-7.435004802744166e-08
-1604.75,-7.335345824799437e-08
-1602.75,-7.278761141947247e-08
-1600.75,-7.20985816437302e-08
-1598.75,-7.20000352859539e-08
-1596.75,-7.078648457366044e-08
-1594.75,-6.953796579893023e-08
-1592.75,-6.917954315895357e-08
-1590.75,-6.804943895929324e-08
-1588.75,-6.750346034806494e-08
-1586.75,-6.697178685328804e-08
-1584.75,-6.597917071729947e-08
-1582.75,-6.4625747755259e-08
-1580.8125,-6.459554806497273e-08
-1578.8125,-6.431580356547875e-08
-1576.8125,-6.36307474331952e-08
-1574.8125,-6.310861068271924e-08
-1572.8125,-6.280184540770594e-08
-1570.8125,-6.211996819018938e-08
-1568.8125,-6.147941686464352e-08
-1566.8125,-6.111145748036592e-08
-1564.8125,-6.040414894471354e-08
-1562.8125,-6.02364611907555e-08
-1560.8125,-6.006638925072224e-08
-1558.8125,-5.9460011258921373e-08
-1556.8125,-5.993684847396792e-08
-1554.8125,-5.879005497178097e-08
-1552.8125,-5.850713155752002e-08
-1550.8125,-5.8263944577846274e-08
-1548.8125,-5.793015852731369e-08
-1546.8125,-5.752405216583238e-08
-1544.8125,-5.710761433135839e-08
-1542.8125,-5.69478738643178e-08
-1540.8125,-5.5948899898795274e-08
-1538.875,-5.6349443159434374e-08
-1536.875,-5.608877214854226e-08
-1534.875,-5.5825716951574914e-08
-1532.875,-5.5778827958762007e-08
-1530.875,-5.511522950115555e-08
-1528.875,-5.5112050586388575e-08
-1526.875,-5.46113715105897e-08
-1524.875,-5.416076034237071e-08
-1522.875,-5.370458607330951e-08
-1520.875,-5.341292064343937e-08
-1518.875,-5.3204701726202373e-08
-1516.875,-5.2599913191785e-08
-1514.875,-5.312046048487748e-08
-1512.875,-5.1968898610540066e-08
-1510.875,-5.121311162469128e-08
-1508.875,-5.103668185512406e-08
-1506.875,-5.043745642154889e-08
-1504.875,-5.003929734698502e-08
-1502.875,-4.93653674163859e-08
-1500.875,-4.8035786315097764e-08
-1498.875,-4.865408523727479e-08
-1496.875,-4.8067575462767535e-08
-1494.9375,-4.756133328612645e-08
-1492.9375,-4.699628118629629e-08
-1490.9375,-4.677375715260789e-08
-1488.9375,-4.6068832803030744e-08
-1486.9375,-4.539013450028115e-08
-1484.9375,-4.5025354030770545e-08
-1482.9375,-4.472971495744168e-08
-1480.9375,-4.399300146019476e-08
-1478.9375,-4.334529757642319e-08
-1476.9375,-4.304409540225213e-08
-1474.9375,-4.312913137226876e-08
-1472.9375,-4.1958496009329476e-08
-1470.9375,-4.112482561168976e-08
-1468.9375,-4.082998126705264e-08
-1466.9375,-3.982941784414663e-08
-1464.9375,-3.956954156194626e-08
-1462.9375,-3.855864666604757e-08
-1460.9375,-3.8159692862791956e-08
-1458.9375,-3.649791516835473e-08
-1456.9375,-3.71313139356749e-08
-1454.9375,-3.613392942753586e-08
-1453.0,-3.5710339034836175e-08
-1451.0,-3.4799579954097265e-08
-1449.0,-3.426631700193687e-08
-1447.0,-3.36885492430388e-08
-1445.0,-3.261169186572534e-08
-1443.0,-3.222783790761287e-08
-1441.0,-3.106673928897452e-08
-1439.0,-3.063838052412437e-08
-1437.0,-2.9405756323229034e-08
-1435.0,-2.8847062052932823e-08
-1433.0,-2.8588775228115942e-08
-1431.0,-2.6953223580506273e-08
-1429.0,-2.578179348887525e-08
-1427.0,-2.4746262003532488e-08
-1425.0,-2.3500922143569247e-08
-1423.0,-2.281745546866919e-08
-1421.0,-2.1491053282148035e-08
-1419.0,-1.9424758683612984e-08
-1417.0,-1.9094151547847375e-08
-1415.0,-1.815875587766439e-08
-1413.0,-1.7235281137857572e-08
-1411.0,-1.5903315850494206e-08
-1409.0625,-1.473347521624667e-08
-1407.0625,-1.3496877371892615e-08
-1405.0625,-1.2431940924955319e-08
-1403.0625,-1.1370183392784999e-08
-1401.0625,-1.0205111130687928e-08
-1399.0625,-9.214084452082846e-09
-1397.0625,-7.983844437262745e-09
-1395.0625,-7.13030582232942e-09
-1393.0625,-6.857713881061142e-09
-1391.0625,-5.727609681400817e-09
-1389.0625,-4.272461446817093e-09
-1387.0625,-3.27348748129457e-09
-1385.0625,-2.694924993704755e-09
-1383.0625,-1.712640330708861e-09
-1381.0625,-8.829435765278629e-10
-1379.0625,-2.527237239746718e-10
-1377.0625,1.7070772298666512e-09
-1375.0625,1.149177688262187e-09
-1373.0625,1.7865500990410764e-09
-1371.0625,2.305507934750072e-09
-1369.0625,2.7561191029690626e-09
-1367.125,3.5087271740508682e-09
-1365.125,3.80436624737973e-09
-1363.125,4.289945478035467e-09
-1361.125,4.9519544782584284e-09
-1359.125,4.971822695552034e-09
-1357.125,5.7188676657916304e-09
-1355.125,5.887350148441411e-09
-1353.125,6.2179572842070205e-09
-1351.125,5.454223011440795e-09
-1349.125,6.580353567642399e-09
-1347.125,7.197063032435937e-09
-1345.125,7.327398537881995e-09
-1343.125,7.568996060172246e-09
-1341.125,7.812183039845988e-09
-1339.125,7.964770948660883e-09
-1337.125,8.280278239283351e-09
-1335.125,9.2204422816168e-09
-1333.125,8.699100259832572e-09
-1331.125,8.783341501157462e-09
-1329.125,8.94546615427329e-09
-1327.125,9.028912666906436e-09
-1325.1875,9.001097162695387e-09
-1323.1875,9.533565386164036e-09
-1321.1875,9.536744300931012e-09
-1319.1875,9.563765076450317e-09
-1317.1875,9.747347404243239e-09
-1315.1875,9.663900891610092e-09
-1313.1875,1.012325407543827e-08
-1311.1875,9.93808229026186e-09
-1309.1875,8.989176232319224e-09
-1307.1875,1.0162990510025482e-08
-1305.1875,1.0509492219625976e-08
-1303.1875,1.0361672682961545e-08
-1301.1875,1.0481676715414926e-08
-1299.1875,1.0355314853427591e-08
-1297.1875,1.0745526641074018e-08
-1295.1875,1.1509260913840243e-08
-1293.1875,1.1057060288237765e-08
-1291.1875,1.0644596097222499e-08
-1289.1875,1.1057060288237765e-08
-1287.1875,1.0685127260501456e-08
-1285.1875,1.0997455636356946e-08
-1283.1875,1.1174680134615914e-08
-1281.25,1.0941824627934849e-08
-1279.25,1.1348725718107905e-08
-1277.25,1.1173090677232425e-08
-1275.25,1.1025271140567994e-08
-1273.25,1.1212827111819637e-08
-1271.25,1.1277200135850923e-08
-1269.25,1.0576249429732493e-08
-1267.25,1.1211237654436149e-08
-1265.25,1.1219979670045336e-08
-1263.25,1.1468729750561287e-08
-1261.25,1.1279584321926155e-08
-1259.25,1.1389256881386862e-08
-1257.25,1.1425814401207098e-08
-1255.25,1.1382104323161164e-08
-1253.25,1.2696585579306154e-08
-1251.25,1.1492571611313614e-08
-1249.25,1.1192958894526031e-08
-1247.25,1.1612575643766996e-08
-1245.25,1.1484624324396171e-08
-1243.25,1.1296273624452784e-08
-1241.25,1.1621317659376183e-08
-1239.3125,1.1221569127428824e-08
-1237.3125,1.1611780915075252e-08
-1235.3125,1.1111896567968118e-08
-1233.3125,1.157045502310455e-08
-1231.3125,1.1143685715637889e-08
-1229.3125,1.1538665875434782e-08
-1227.3125,1.0105770044219897e-08
-1225.3125,1.1451245719342914e-08
-1223.3125,1.101493966757532e-08
-1221.3125,1.1420251300364887e-08
-1219.3125,1.1154811917322308e-08
-1217.3125,1.1147659359096609e-08
-1215.3125,1.0909240751573334e-08
-1213.3125,1.1924109290930742e-08
-1211.3125,1.1409919827372212e-08
-1209.3125,1.0880630518670541e-08
-1207.3125,1.0901293464655891e-08
-1205.3125,1.0860762301376934e-08
-1203.3125,1.0953745558311012e-08
-1201.3125,1.0585786174033423e-08
-1199.3125,1.0858378115301702e-08
-1197.3125,1.047293469980574e-08
-1195.375,1.0704200749103318e-08
-1193.375,1.0364056869036778e-08
-1191.375,1.0361672682961545e-08
-1189.375,1.0559560127205863e-08
-1187.375,9.39607732249228e-09
-1185.375,9.993713298683957e-09
-1183.375,1.0131996091047457e-08
-1181.375,1.0078749268700592e-08
-1179.375,1.017014306825118e-08
-1177.375,9.824436087342432e-09
-1175.375,1.005808632271524e-08
-1173.375,9.82046244388371e-09
-1171.375,1.0595322918334354e-08
-1169.375,9.880861824456273e-09
-1167.375,9.471576548207985e-09
-1165.375,9.76085779200289e-09
-1163.375,9.495418408960311e-09
-1161.375,9.456476703064843e-09
-1159.375,9.152890342818539e-09
-1157.375,9.30070987948297e-09
-1155.375,9.256999801437036e-09
-1153.4375,9.394487865108792e-09
-1151.4375,9.024144294755971e-09
-1149.4375,9.0408335972826e-09
-1147.4375,9.16401654450296e-09
-1145.4375,7.74701528712296e-09
-1143.4375,8.900166618843868e-09
-1141.4375,8.639495607951753e-09
-1139.4375,8.727710492735365e-09
-1137.4375,8.865993285098865e-09
-1135.4375,8.598964444672796e-09
-1133.4375,8.604527545515006e-09
-1131.4375,8.500418086896509e-09
-1129.4375,9.674232364602769e-09
-1127.4375,8.262794208064978e-09
-1125.4375,8.460681652309297e-09
-1123.4375,8.56240692485256e-09
-1121.4375,8.411408473421153e-09
-1119.4375,8.304914828727423e-09
-1117.4375,8.33034614686324e-09
-1115.4375,8.250873277688815e-09
-1113.4375,8.234183975162185e-09
-1111.5,8.017223042316004e-09
-1109.5,8.413792659496385e-09
-1107.5,7.956028933051697e-09
-1105.5,8.014838856240772e-09
-1103.5,7.0969272172761615e-09
-1101.5,8.24054180469614e-09
-1099.5,7.843972187515758e-09
-1097.5,8.268357308907188e-09
-1095.5,7.948876374826e-09
-1093.5,7.992586452871932e-09
-1091.5,7.811388311154244e-09
-1089.5,8.947850340348522e-09
-1087.5,7.966360406044372e-09
-1085.5,8.08159606634729e-09
-1083.5,7.762909860957844e-09
-1081.5,8.029143972692169e-09
-1079.5,7.691384278700861e-09
-1077.5,7.983049708571001e-09
-1075.5,7.68741063524214e-09
-1073.5,7.778009706100985e-09
-1071.5,7.753373116656913e-09
-1069.5,7.910729397622275e-09
-1067.5625,7.671516061407255e-09
-1065.5625,7.579327533164921e-09
-1063.5625,6.696383956637059e-09
-1061.5625,7.758141488807379e-09
-1059.5625,7.568201331480502e-09
-1057.5625,7.441044740801423e-09
-1055.5625,7.536412183810733e-09
-1053.5625,7.498265206607008e-09
-1051.5625,7.514954509133638e-09
-1049.5625,7.72873652721284e-09
-1047.5625,8.27630459582463e-09
-1045.5625,7.66118458841458e-09
-1043.5625,7.419587066124328e-09
-1041.5625,7.400513577522465e-09
-1039.5625,7.3456772977921124e-09
-1037.5625,7.1756053577588424e-09
-1035.5625,7.248720397399314e-09
-1033.5625,7.341703654333391e-09
-1031.5625,7.403692492289443e-09
-1029.5625,7.1978577611276814e-09
-1027.5625,7.036527836703599e-09
-1025.625,7.370313887236184e-09
-1023.625,7.215341792346055e-09
-1021.625,5.9795386766837445e-09
-1019.625,7.228852180105707e-09
-1017.625,7.115205977186279e-09
-1015.625,6.8489718654519555e-09
-1013.625,7.156531869156981e-09
-1011.625,6.806056516097766e-09
-1009.625,7.1191796206450005e-09
-1007.625,7.733504899363307e-09
-1005.625,7.00871233249255e-09
-1003.625,6.88711884265568e-09
-1001.625,7.037322565395343e-09
-999.625,6.628037289147054e-09
-997.625,6.931623649393358e-09
-995.625,6.7361203912242715e-09
-993.625,6.746451864216947e-09
-991.625,6.521543644453324e-09
-989.625,6.855329694985909e-09
-987.625,6.595453412785539e-09
-985.625,6.450018062196341e-09
-983.6875,6.678105196726941e-09
-981.6875,5.648136812226392e-09
-979.6875,6.1392791437243396e-09
-977.6875,6.4190236432183154e-09
-975.6875,6.328424572359471e-09
-973.6875,6.365776820871451e-09
-971.6875,6.448428604812853e-09
-969.6875,6.219546741590509e-09
-967.6875,6.153584260175736e-09
-965.6875,7.057190782688949e-09
-963.6875,6.276767207396095e-09
-961.6875,6.107489996054569e-09
-959.6875,5.803108907116521e-09
-957.6875,6.1829892217702734e-09
-955.6875,5.907218365735018e-09
-953.6875,5.680720688587906e-09
-951.6875,5.9445706142469975e-09
-949.6875,5.714099293641165e-09
-947.6875,5.665620843444766e-09
-945.6875,5.49078053126103e-09
-943.6875,5.551974640525338e-09
-941.6875,5.612374021097901e-09
-939.75,4.3757761767438464e-09
-937.75,5.334218978987413e-09
-935.75,5.216599132609264e-09
-933.75,5.241235722053335e-09
-931.75,4.967849052093313e-09
-929.75,5.1204369609082094e-09
-927.75,5.0083802153722704e-09
-925.75,5.207857117000077e-09
-923.75,5.748272627386168e-09
-921.75,4.882813082076678e-09
-919.75,4.959901765175871e-09
-917.75,4.571279434912932e-09
-915.75,4.7596301348563195e-09
-913.75,4.454454317226527e-09
-911.75,4.531543000325719e-09
-909.75,4.598300210432236e-09
-907.75,4.355113230758496e-09
-905.75,4.3869023784282655e-09
-903.75,4.197756949793134e-09
-901.75,4.200141135868367e-09
-899.75,3.817876635139382e-09
-897.8125,3.213882829413751e-09
-895.8125,3.962517257036836e-09
-893.8125,3.916422992915669e-09
-891.8125,3.7900611309283335e-09
-889.8125,3.631910121271227e-09
-887.8125,3.805160976071474e-09
-885.8125,3.6080682605188995e-09
-883.8125,4.54107974462665e-09
-881.8125,3.595352601450992e-09
-879.8125,3.378391668604811e-09
-877.8125,3.2027566277293316e-09
-875.8125,3.465811824696679e-09
-873.8125,3.035863602463039e-09
-871.8125,3.2941504272799207e-09
-869.8125,2.9222173995436112e-09
-867.8125,3.0152006564776885e-09
-865.8125,3.1487150766907228e-09
-863.8125,2.845128716444419e-09
-861.8125,2.823671041767324e-09
-859.8125,2.587636620319281e-09
-857.8125,1.89383847242655e-09
-855.875,2.4112068507520575e-09
-853.875,2.750556002126853e-09
-851.875,2.304713206058328e-09
-849.875,2.6774409624863816e-09
-847.875,2.237955995951811e-09
-845.875,2.566973674333931e-09
-843.875,2.285639717456466e-09
-841.875,3.3513708930855067e-09
-839.875,2.0750366141442393e-09
-837.875,2.1672251423865724e-09
-835.875,2.082983901061682e-09
-833.875,2.070268241993774e-09
-831.875,1.9192697905623664e-09
-829.875,1.930395992246786e-09
-827.875,1.924038162712832e-09
-825.875,1.8636387821402686e-09
-823.875,1.8119814171768924e-09
-821.875,1.930395992246786e-09
-819.875,1.5838942826462923e-09
-817.875,1.677672268272114e-09
-815.875,6.071727204926078e-10
-813.875,1.7968815720337516e-09
-811.9375,1.4313063738313962e-09
-809.9375,1.5679997088114073e-09
-807.9375,1.5544893210517551e-09
-805.9375,1.728534904543746e-09
-803.9375,1.3097128839945257e-09
-801.9375,2.5335950692806723e-09
-799.9375,1.6498567640610651e-09
-797.9375,1.478195366644307e-09
-795.9375,1.3907752105524394e-09
-793.9375,1.4241538156056979e-09
-791.9375,1.3717017219505772e-09
-789.9375,1.3478598611982498e-09
-787.9375,1.3097128839945257e-09
-785.9375,1.3303758299798763e-09
-783.9375,1.2834868371669654e-09
-781.9375,1.126925284893348e-09
-779.9375,1.412232885229534e-09
-777.9375,1.101493966757532e-09
-775.9375,6.699562871404036e-10
-773.9375,7.390976833221535e-10
-771.9375,1.3446809464312728e-09
-770.0,1.224676913977891e-09
-768.0,1.0347367566510149e-09
-766.0,1.3534229620404596e-09
-764.0,9.902319499133367e-10
-762.0,1.3685228071836002e-09
-760.0,2.1608673128526184e-09
-758.0,9.727479186949634e-10
-756.0,1.2747448215577786e-09
-754.0,1.1515618743374197e-09
-752.0,9.036065225132134e-10
-750.0,1.1221569127428824e-09
-748.0,1.206398154067773e-09
-746.0,1.0681153617042733e-09
-744.0,1.0569891600198539e-09
-742.0,1.0323525705757822e-09
-740.0,8.614859018507682e-10
-738.0,1.2119612549099828e-09
-736.0,8.257231107222769e-10
-732.0,9.8148993430415e-10
-730.0,1.015663268049153e-09
-728.0,1.1595091612548622e-09
-726.0625,8.734068322269318e-10
-724.0625,1.01327908197392e-09
-722.0625,1.0116896245904316e-09
-720.0625,1.0585786174033425e-09
-718.0625,2.2164983212747162e-09
-716.0625,8.447965993241388e-10
-714.0625,1.044273500951946e-09
-712.0625,1.1944772236916093e-09
-710.0625,8.710226461516991e-10
-708.0625,1.2334189295870777e-09
-706.0625,1.0426840435684573e-09
-704.0625,1.0180474541243856e-09
-702.0625,8.885066773700727e-10
-700.0625,1.2691817207155689e-09
-698.0625,9.171169102728657e-10
-696.0625,1.2636186198733591e-09
-694.0625,1.0474524157189228e-09
-692.0625,1.4543535058919794e-10
-690.0625,9.250641971903082e-10
-688.0625,1.2962024962348735e-09
-686.0625,9.926161359885696e-10
-684.125,1.1285147422768364e-09
-682.125,1.355012419423948e-09
-680.125,1.0029476089812448e-09
-678.125,2.3476285554125174e-09
-676.125,1.2485187747302183e-09
-674.125,1.0553997026363654e-09
-672.125,1.3605755202661577e-09
-670.125,1.2087823401430058e-09
-668.125,1.0601680747868309e-09
-666.125,1.405080327003836e-09
-664.125,1.3097128839945257e-09
-662.125,1.2397767591210315e-09
-660.125,1.2524924181889397e-09
-658.125,1.2628238911816148e-09
-656.125,1.1293094709685807e-09
-654.125,1.2524924181889397e-09
-652.125,4.855792306557374e-10
-650.125,1.0943414085318337e-09
-648.125,1.281897379783477e-09
-646.125,1.3287863725963877e-09
-644.125,1.532236917682916e-09
-642.1875,1.4034908696203473e-09
-640.1875,1.3860068384019737e-09
-638.1875,1.4034908696203473e-09
-636.1875,2.4231277811282215e-09
-634.1875,1.2938183101596406e-09
-632.1875,1.548131491517801e-09
-630.1875,1.386801567093718e-09
-628.1875,1.3176601709119682e-09
-626.1875,1.6673407952794386e-09
-624.1875,1.4750164518773299e-09
-622.1875,1.5171370725397753e-09
-620.1875,1.3319652873633647e-09
-618.1875,1.7460189357621196e-09
-616.1875,1.4448167615910484e-09
-614.1875,1.7293296332354902e-09
-612.1875,1.6252201746169934e-09
-610.1875,4.426638813015478e-10
-608.1875,1.6323727328426916e-09
-606.1875,1.8366180066209641e-09
-604.1875,1.5362105611416373e-09
-602.1875,1.699924671640953e-09
-600.1875,1.741250563611654e-09
-598.25,1.801649944184217e-09
-596.25,2.6003522793871893e-09
-594.25,2.140999095559012e-09
-592.25,1.7754238973566567e-09
-590.25,1.8350285492374757e-09
-588.25,1.7038983150996741e-09
-586.25,2.1314623512580812e-09
-584.25,1.902580488035737e-09
-582.25,1.9709271555257425e-09
-580.25,1.9009910306522484e-09
-578.25,1.9931795588945815e-09
-576.25,1.959006225149579e-09
-574.25,1.8668176969072458e-09
-572.25,2.0662945985350525e-09
-570.25,1.484553196178261e-09
-568.25,1.7658871530557259e-09
-566.25,2.111594133964475e-09
-564.25,1.9542378529991135e-09
-562.25,2.1505358398599434e-09
-560.25,2.3158394077427476e-09
-558.25,2.2212666934251817e-09
-556.3125,2.083778629753426e-09
-554.3125,3.459453995162725e-09
-552.3125,2.110799405272731e-09
-550.3125,2.5097532085283447e-09
-548.3125,2.3094815782087935e-09
-546.3125,2.3794177030822877e-09
-544.3125,2.3754440596235663e-09
-542.3125,2.241134910718788e-09
-540.3125,2.6186310392973073e-09
-538.3125,2.2872291748399545e-09
-536.3125,2.6567780165010313e-09
-534.3125,2.3571652997134487e-09
-532.3125,2.715587939690106e-09
-530.3125,2.4366381688878738e-09
-528.3125,1.7611187809052602e-09
-526.3125,2.617836310605563e-09
-524.3125,2.68459352071208e-09
-522.3125,2.7243299552992927e-09
-520.3125,2.7179721257653387e-09
-518.3125,2.772808405495692e-09
-516.3125,2.631346698365215e-09
-514.375,2.9794378653491973e-09
-512.375,3.842513224583454e-09
-510.375,2.940496159453729e-09
-508.375,3.1224890298631625e-09
-506.375,2.826849956534301e-09
-504.375,3.007253369560246e-09
-502.375,3.2114986433385184e-09
-500.375,2.9174490273931454e-09
-498.375,3.14076778977328e-09
-496.375,3.3466025209350413e-09
-494.375,3.041426703305249e-09
-492.375,3.271103295219337e-09
-490.375,3.4705801968471443e-09
-488.375,3.0120217417107113e-09
-486.375,2.6170415819138187e-09
-484.375,3.2536192640009636e-09
-482.375,3.6295259351959944e-09
-480.375,3.3116344584982942e-09
-478.375,3.5564108955555234e-09
-476.375,3.5937631440675032e-09
-474.375,3.825029193365081e-09
-472.375,4.5681005201459546e-09
-470.4375,3.997485319473583e-09
-468.4375,3.84728159673392e-09
-466.4375,3.724893378205305e-09
-464.4375,3.895760046930319e-09
-462.4375,4.179478189883016e-09
-460.4375,3.829797565515546e-09
-458.4375,4.091263305099404e-09
-456.4375,4.262129973824418e-09
-454.4375,4.012585164616723e-09
-452.4375,4.241467027839068e-09
-450.4375,4.26610361728314e-09
-448.4375,4.4902171083550186e-09
-446.4375,3.393491513747952e-09
-444.4375,4.33921865692361e-09
-442.4375,4.572868892296421e-09
-440.4375,4.545848116777116e-09
-438.4375,4.700820211667245e-09
-436.4375,4.5688952488376995e-09
-434.4375,4.765987964390273e-09
-432.4375,4.874071066467492e-09
-430.4375,6.0256329408049115e-09
-428.5,5.1673259537211205e-09
-426.5,5.13553680605135e-09
-424.5,5.13553680605135e-09
-422.5,5.191962543165192e-09
-420.5,5.0981845575393704e-09
-418.5,5.389055258717766e-09
-416.5,5.440712623681143e-09
-414.5,5.736351697010004e-09
-412.5,5.6417789826924385e-09
-410.5,5.60840037763918e-09
-408.5,5.8102614653422195e-09
-406.5,5.897681621434087e-09
-404.5,4.95592812171715e-09
-402.5,6.27040937786214e-09
-400.5,6.201267981680391e-09
-398.5,6.105900538671081e-09
-396.5,6.35624007657052e-09
-394.5,6.655058064666358e-09
-392.5,6.60499015708647e-09
-390.5,7.443428926876655e-09
-388.5,7.1438162100890726e-09
-386.5625,6.825924733391372e-09
-384.5625,7.0865957442834865e-09
-382.5625,7.207394505428612e-09
-380.5625,7.327398537881995e-09
-378.5625,7.540385827269454e-09
-376.5625,7.556280401104339e-09
-374.5625,7.620653425135623e-09
-372.5625,7.620653425135623e-09
-370.5625,7.917087227156229e-09
-368.5625,8.236568161237417e-09
-366.5625,8.232594517778697e-09
-364.5625,7.421176523507816e-09
-362.5625,8.378824597059638e-09
-360.5625,8.46862893922674e-09
-358.5625,8.973281658484339e-09
-356.5625,8.731684136194085e-09
-354.5625,9.083748946636789e-09
-352.5625,9.457271431756587e-09
-350.5625,9.382566934732627e-09
-348.5625,1.0624727879928893e-08
-346.5625,9.636085387399043e-09
-344.5625,9.957950507555466e-09
-342.625,1.0288557643321073e-08
-340.625,1.0363262140345034e-08
-338.625,1.0530155165611326e-08
-336.625,1.0709763849945526e-08
-334.625,1.0927519511483452e-08
-332.625,1.1181037964149868e-08
-330.625,1.1148454087788353e-08
-328.625,1.1821589289695735e-08
-326.625,1.1550586805810945e-08
-324.625,1.2173654100138438e-08
-322.625,1.1250974089023362e-08
-320.625,1.2179217200980647e-08
-318.625,1.2784800464089766e-08
-316.625,1.2965998605807456e-08
-314.625,1.326402186521155e-08
-312.625,1.3693175358753445e-08
-310.625,1.38378159806509e-08
-308.625,1.428842714886989e-08
-306.625,1.516580762455554e-08
-304.625,1.4613471183793288e-08
-302.625,1.522143863297764e-08
-300.6875,1.5234949020737293e-08
-298.6875,1.5877089803666646e-08
-296.6875,1.6018551510797123e-08
-294.6875,1.639366345330041e-08
-292.6875,1.674095989159265e-08
-290.6875,1.687924268395615e-08
-288.6875,1.7262301913376878e-08
-286.6875,1.801093634099996e-08
-284.6875,1.8306575414328823e-08
-282.6875,1.8498105029039186e-08
-280.6875,1.8301012313486613e-08
-278.6875,1.9443832172214846e-08
-276.6875,1.9959611093156865e-08
-274.6875,2.0213129545823282e-08
-272.6875,2.09498430430702e-08
-270.6875,2.128760273706151e-08
-268.6875,2.2040210808143314e-08
-266.6875,2.313534694536689e-08
-264.6875,2.2858781360639894e-08
-262.6875,2.3343565862603885e-08
-260.6875,2.3922923078885446e-08
-258.75,2.4587316265183637e-08
-256.75,2.4414860139075136e-08
-254.75,2.576907782980734e-08
-252.75,2.6090148221272016e-08
-250.75,2.6674273809704042e-08
-248.75,2.7407013663492243e-08
-246.75,2.7985576151082054e-08
-244.75,2.8380556310878947e-08
-242.75,2.8907461433505388e-08
-240.75,2.8881235386677827e-08
-238.75,3.0223532147033865e-08
-236.75,3.1161312003292083e-08
-234.75,3.165642797824875e-08
-232.75,3.2212738062469727e-08
-230.75,3.294309373018269e-08
-228.75,3.3809348004183926e-08
-226.75,3.416777064416059e-08
-224.75,3.570239174791874e-08
-222.75,3.585100601327491e-08
-220.75,3.6128366326693655e-08
-218.75,3.7029588663131635e-08
-216.75,3.7763917974303323e-08
-214.8125,3.823678154589115e-08
-212.8125,3.8956011011919694e-08
-210.8125,3.981829164246221e-08
-208.8125,4.036029661023179e-08
-206.8125,4.0961111501190445e-08
-204.8125,4.192034903212575e-08
-202.8125,4.268010966143326e-08
-200.8125,4.330397168445249e-08
-198.8125,4.251321663616697e-08
-196.8125,4.4922834029535534e-08
-194.8125,4.544973915216197e-08
-192.8125,4.627228334811727e-08
-190.8125,4.692634506142279e-08
-188.8125,4.768690041942204e-08
-186.8125,4.84943447702342e-08
-184.8125,5.0280894869275276e-08
-182.8125,5.016327502289712e-08
-180.8125,5.110343906523057e-08
-178.8125,5.144835131744758e-08
-176.8125,5.288681024950467e-08
-174.8125,5.324682234686482e-08
-172.875,5.458752964983737e-08
-170.875,5.5100924384704154e-08
-168.875,5.616109245949099e-08
-166.875,5.6884295568978255e-08
-164.875,5.8183676979980105e-08
-162.875,5.926212381467706e-08
-160.875,6.020626150046923e-08
-158.875,6.005923669249654e-08
-156.875,6.23250081926594e-08
-154.875,6.31690100632918e-08
-152.875,6.460826372404063e-08
-150.875,6.584645102577818e-08
-148.875,6.709020142835793e-08
-146.875,6.803195492807486e-08
-144.875,7.008314968146678e-08
-142.875,7.183552644676285e-08
-140.875,7.264932862710896e-08
-138.875,7.401705670560082e-08
-136.875,7.557631439880305e-08
-134.875,7.705053612198863e-08
-132.875,7.944664312759754e-08
-130.875,8.035660747964471e-08
-128.9375,8.309683200877889e-08
-126.9375,8.466721590366553e-08
-124.9375,8.698067112533304e-08
-122.9375,8.838495672364513e-08
-120.9375,9.16799018796168e-08
-118.9375,9.29101418944369e-08
-116.9375,9.528320176798523e-08
-114.9375,9.834211250250885e-08
-112.9375,1.0122220928139002e-07
-110.9375,1.0403316466408944e-07
-108.9375,1.073980459449346e-07
-106.9375,1.1043629373347287e-07
-104.9375,1.138957477286356e-07
-102.9375,1.1724632389302936e-07
-100.9375,1.223206665898164e-07
