p,rh,t,ts
101.394,46.69,33.562,1550792623.2069979
101.392,46.67,33.556,1550792625.674098
101.394,46.65,33.559,1550792628.1437619
101.392,46.6,33.557,1550792630.6158102
101.393,46.55,33.56,1550792633.0847504
101.391,46.51,33.562,1550792635.5558274
101.39,46.48,33.565,1550792638.0253918
101.394,46.49,33.569,1550792640.4948282
101.395,46.52,33.578,1550792642.9620366
101.393,46.6,33.576,1550792645.4292707
101.396,46.79,33.582,1550792647.891877
101.395,46.92,33.586,1550792650.35901
101.394,46.91,33.583,1550792652.8262339
101.395,46.9,33.59,1550792655.294068
101.395,46.88,33.59,1550792657.7628498
101.39,46.81,33.585,1550792660.230192
101.395,46.73,33.594,1550792662.6997592
101.393,46.68,33.596,1550792665.1648629
101.395,46.61,33.595,1550792667.632508
101.392,46.52,33.592,1550792670.099836
101.392,46.49,33.589,1550792672.5670464
101.396,46.49,33.587,1550792675.0346122
101.394,46.48,33.582,1550792677.5023484
101.392,46.48,33.584,1550792679.9623566
101.394,46.46,33.574,1550792682.4234686
101.391,46.44,33.576,1550792684.8919494
101.392,46.44,33.575,1550792687.3549144
101.39,46.4,33.582,1550792689.8249907
101.392,46.38,33.58,1550792692.2949216
101.393,46.39,33.584,1550792694.763823
101.391,46.37,33.583,1550792697.2321007
101.392,46.39,33.59,1550792699.7020135
101.391,46.42,33.587,1550792702.1705134
101.389,46.46,33.589,1550792704.6398437
101.391,46.51,33.594,1550792707.1025627
101.393,46.57,33.592,1550792709.571362
101.393,46.61,33.59,1550792712.0401564
101.393,46.61,33.585,1550792714.5129237
101.394,46.64,33.584,1550792716.981337
101.395,46.66,33.59,1550792719.4422784
101.395,46.67,33.588,1550792721.9119544
101.391,46.68,33.582,1550792724.3789918
101.393,46.7,33.577,1550792726.8381145
101.393,46.71,33.588,1550792729.305918
101.394,46.69,33.595,1550792731.7746918
101.393,46.69,33.6,1550792734.2436266
101.394,46.68,33.607,1550792736.7124803
101.392,46.66,33.607,1550792739.181722
101.391,46.64,33.615,1550792741.6490002
101.392,46.61,33.619,1550792744.1166067
101.393,46.57,33.622,1550792746.5840428
101.392,46.57,33.628,1550792749.0506063
101.396,46.59,33.63,1550792751.5191865
101.394,46.6,33.628,1550792753.986554
101.392,46.59,33.63,1550792756.4538927
101.393,46.56,33.633,1550792758.912017
101.396,46.57,33.626,1550792761.3790612
101.394,46.63,33.623,1550792763.8462095
101.394,46.65,33.618,1550792766.3137774
101.39,46.66,33.623,1550792768.782833
101.393,46.66,33.62,1550792771.252013
101.394,46.64,33.621,1550792773.7143834
101.392,46.62,33.616,1550792776.1829567
101.391,46.65,33.618,1550792778.641989
101.392,46.69,33.619,1550792781.1111038
101.393,46.72,33.617,1550792783.5747683
101.391,46.72,33.618,1550792786.0356615
101.393,46.68,33.614,1550792788.5052166
101.393,46.66,33.615,1550792790.9739783
101.391,46.62,33.612,1550792793.4421244
101.391,46.61,33.61,1550792795.9092412
101.392,46.64,33.614,1550792798.3761516
101.392,46.64,33.614,1550792800.8432646
101.391,46.66,33.617,1550792803.3022218
101.391,46.67,33.612,1550792805.7692003
101.394,46.7,33.617,1550792808.2403362
101.39,46.75,33.611,1550792810.702871
101.393,46.8,33.609,1550792813.174109
101.394,46.87,33.617,1550792815.641287
101.393,46.89,33.615,1550792818.1086996
101.39,46.9,33.625,1550792820.5759053
101.393,46.91,33.629,1550792823.0422404
101.392,46.91,33.633,1550792825.5020015
101.397,46.92,33.636,1550792827.9692664
101.391,46.93,33.64,1550792830.4365644
101.393,46.93,33.647,1550792832.9040213
101.391,46.93,33.645,1550792835.3716123
101.391,46.93,33.653,1550792837.8323936
101.391,46.92,33.657,1550792840.2921045
101.391,46.88,33.657,1550792842.7522085
101.392,46.86,33.664,1550792845.2196858
101.395,46.84,33.664,1550792847.6878002
101.393,46.79,33.67,1550792850.1549857
101.391,46.73,33.677,1550792852.6222668
101.393,46.71,33.679,1550792855.0896926
101.393,46.68,33.678,1550792857.5566335
101.393,46.64,33.675,1550792860.0299346
101.391,46.59,33.678,1550792862.4988987
101.391,46.56,33.677,1550792864.9664192
101.393,46.54,33.682,1550792867.4320672
101.393,46.56,33.682,1550792869.9003258
101.392,46.62,33.681,1550792872.3674924
101.392,46.65,33.667,1550792874.8357108
101.393,46.68,33.661,1550792877.302692
101.393,46.67,33.659,1550792879.7698843
101.39,46.7,33.653,1550792882.2368343
101.392,46.67,33.649,1550792884.704517
101.391,46.63,33.649,1550792887.1718261
101.393,46.63,33.644,1550792889.6377137
101.393,46.6,33.645,1550792892.1048367
101.391,46.57,33.642,1550792894.57242
101.392,46.59,33.642,1550792897.039533
101.395,46.7,33.642,1550792899.506653
101.392,46.77,33.65,1550792901.9739208
101.393,46.78,33.651,1550792904.441035
101.391,46.73,33.646,1550792906.9079216
101.395,46.69,33.645,1550792909.375104
101.393,46.65,33.638,1550792911.842031
101.392,46.63,33.636,1550792914.3090324
101.393,46.64,33.638,1550792916.7762105
101.391,46.6,33.637,1550792919.243343
101.391,46.59,33.647,1550792921.7102218
101.39,46.57,33.648,1550792924.1773455
101.392,46.52,33.656,1550792926.6445942
101.389,46.57,33.657,1550792929.112545
101.391,46.62,33.657,1550792931.571846
101.388,46.56,33.663,1550792934.0390701
101.386,46.54,33.663,1550792936.5072675
101.39,46.61,33.67,1550792938.9757776
101.393,46.71,33.668,1550792941.4453204
101.39,46.71,33.664,1550792943.914378
101.388,46.72,33.665,1550792946.3818076
101.389,46.74,33.665,1550792948.8488877
101.389,46.72,33.662,1550792951.3160012
101.389,46.67,33.666,1550792953.782515
101.391,46.63,33.665,1550792956.2510571
101.389,46.6,33.667,1550792958.720139
101.39,46.55,33.668,1550792961.188875
101.392,46.52,33.668,1550792963.6522987
101.391,46.57,33.67,1550792966.1196508
101.388,46.62,33.663,1550792968.5957136
101.389,46.64,33.674,1550792971.063655
101.39,46.6,33.673,1550792973.5328968
101.392,46.59,33.687,1550792975.9923825
101.392,46.65,33.693,1550792978.4608505
101.391,46.6,33.7,1550792980.9280107
101.392,46.54,33.705,1550792983.3968577
101.393,46.48,33.707,1550792985.864085
101.389,46.42,33.703,1550792988.3221695
101.391,46.42,33.707,1550792990.7820673
101.392,46.41,33.706,1550792993.2490554
101.391,46.37,33.706,1550792995.716111
101.39,46.32,33.707,1550792998.1860907
101.392,46.25,33.713,1550793000.653979
101.39,46.22,33.706,1550793003.121501
101.392,46.21,33.706,1550793005.5886734
101.391,46.22,33.709,1550793008.0558271
101.391,46.19,33.7,1550793010.5237246
101.392,46.19,33.7,1550793012.9931655
101.39,46.2,33.701,1550793015.4609792
101.391,46.19,33.696,1550793017.922404
101.39,46.19,33.692,1550793020.3892655
101.389,46.21,33.679,1550793022.8601649
101.393,46.23,33.675,1550793025.3273792
101.392,46.23,33.666,1550793027.7920492
101.389,46.2,33.656,1550793030.259489
101.389,46.19,33.651,1550793032.7269027
101.389,46.2,33.645,1550793035.1941595
101.391,46.22,33.637,1550793037.6639569
101.39,46.23,33.631,1550793040.1261475
101.392,46.22,33.626,1550793042.5924
101.391,46.21,33.619,1550793045.060574
101.39,46.2,33.607,1550793047.5226302
101.389,46.17,33.605,1550793049.9930162
101.388,46.13,33.597,1550793052.460061
101.388,46.12,33.592,1550793054.927008
101.39,46.16,33.593,1550793057.3919199
101.391,46.23,33.587,1550793059.859664
101.392,46.28,33.583,1550793062.3267407
101.389,46.29,33.58,1550793064.7938242
101.387,46.27,33.575,1550793067.2523196
101.391,46.27,33.581,1550793069.712351
101.388,46.27,33.576,1550793072.180187
101.388,46.28,33.572,1550793074.6476269
101.392,46.35,33.575,1550793077.1148982
101.39,46.46,33.582,1550793079.5829043
101.386,46.45,33.578,1550793082.050569
101.388,46.42,33.579,1550793084.5189612
101.387,46.43,33.579,1550793086.9863746
101.391,46.62,33.587,1550793089.452476
101.388,46.74,33.591,1550793091.9251409
101.389,46.8,33.593,1550793094.392506
101.389,46.78,33.601,1550793096.8599217
101.388,46.78,33.605,1550793099.3273983
101.388,46.99,33.612,1550793101.7918746
101.387,47.15,33.619,1550793104.2521036
101.39,47.17,33.626,1550793106.7196345
101.389,47.13,33.633,1550793109.182
101.391,47.09,33.64,1550793111.6490448
101.39,47.05,33.646,1550793114.1163685
101.385,47.02,33.651,1550793116.583901
101.389,47.01,33.663,1550793119.051175
101.388,47.09,33.674,1550793121.5206587
101.387,47.22,33.68,1550793123.9823928
101.39,47.33,33.695,1550793126.4497702
101.389,47.59,33.7,1550793128.9221761
101.388,47.77,33.708,1550793131.3899376
101.388,47.74,33.713,1550793133.8573713
101.389,47.66,33.718,1550793136.3287435
101.391,47.88,33.727,1550793138.7968378
101.387,47.83,33.729,1550793141.2643514
101.387,47.77,33.739,1550793143.7320793
101.386,47.75,33.745,1550793146.2001736
101.39,47.77,33.753,1550793148.662185
101.389,47.73,33.757,1550793151.1220896
101.386,47.66,33.759,1550793153.589325
101.386,47.56,33.77,1550793156.056329
101.385,47.43,33.777,1550793158.5238454
101.387,47.35,33.781,1550793160.9913528
101.388,47.42,33.788,1550793163.4522502
101.387,47.65,33.796,1550793165.9121196
101.387,48.06,33.799,1550793168.3802497
101.386,48.11,33.801,1550793170.8473532
101.387,48.09,33.807,1550793173.3146827
101.384,48.16,33.815,1550793175.782733
101.386,48.21,33.819,1550793178.2441034
101.386,48.2,33.822,1550793180.7111003
101.387,48.34,33.828,1550793183.1761205
101.386,48.48,33.836,1550793185.6437478
101.384,48.45,33.842,1550793188.1117342
101.387,48.37,33.845,1550793190.581612
101.387,48.34,33.853,1550793193.0490882
101.387,48.31,33.859,1550793195.5118513
101.385,48.25,33.867,1550793197.978902
101.384,48.17,33.87,1550793200.442447
101.385,48.15,33.882,1550793202.9024017
101.386,48.19,33.887,1550793205.3619986
101.384,48.22,33.892,1550793207.8292196
101.386,48.22,33.891,1550793210.2960591
101.383,48.22,33.899,1550793212.7643957
101.387,48.15,33.908,1550793215.2221353
101.386,48.05,33.914,1550793217.6896064
101.382,47.92,33.916,1550793220.1557138
101.385,47.81,33.926,1550793222.6232772
101.385,47.73,33.937,1550793225.090884
101.386,47.67,33.941,1550793227.5582626
101.385,47.63,33.946,1550793230.025448
101.388,47.59,33.948,1550793232.493074
101.384,47.8,33.951,1550793234.9607801
101.384,47.99,33.96,1550793237.4282267
101.382,47.93,33.962,1550793239.888904
101.381,47.86,33.967,1550793242.3564389
101.383,47.75,33.974,1550793244.822217
101.383,47.63,33.976,1550793247.2897048
101.382,47.58,33.981,1550793249.7579618
101.382,47.56,33.979,1550793252.2250211
101.384,47.61,33.983,1550793254.69212
101.382,47.64,33.975,1550793257.1591825
101.384,47.61,33.973,1550793259.6263435
101.385,47.54,33.968,1550793262.0939648
101.385,47.47,33.965,1550793264.5611482
101.386,47.36,33.959,1550793267.0218205
101.384,47.33,33.96,1550793269.4889107
101.384,47.31,33.954,1550793271.9558904
101.384,47.23,33.948,1550793274.4231381
101.382,47.27,33.947,1550793276.8903177
101.383,47.31,33.942,1550793279.3601015
101.385,47.2,33.93,1550793281.8302834
101.384,47.08,33.926,1550793284.3000906
101.382,47.01,33.919,1550793286.7681627
101.38,46.96,33.915,1550793289.234747
101.382,46.93,33.914,1550793291.6926596
101.384,46.93,33.905,1550793294.1628304
101.381,47.01,33.906,1550793296.630031
101.381,47.11,33.902,1550793299.097774
101.383,47.12,33.9,1550793301.5650618
101.38,47.14,33.895,1550793304.0324996
101.379,47.2,33.899,1550793306.492569
101.381,47.31,33.897,1550793308.9571579
101.38,47.38,33.891,1550793311.4259348
101.38,47.4,33.889,1550793313.8948224
101.381,47.49,33.893,1550793316.3638504
101.383,47.54,33.894,1550793318.8327034
101.382,47.6,33.9,1550793321.299747
101.378,47.89,33.898,1550793323.7664123
101.381,48.08,33.911,1550793326.2334826
101.377,48.1,33.904,1550793328.7005937
101.379,48.02,33.904,1550793331.167714
101.383,47.9,33.908,1550793333.635161
101.381,47.77,33.913,1550793336.1021311
101.378,47.67,33.902,1550793338.5689778
101.38,47.59,33.901,1550793341.0360353
101.382,47.5,33.896,1550793343.50363
101.38,47.43,33.892,1550793345.9708366
101.383,47.34,33.893,1550793348.438238
101.376,47.23,33.897,1550793350.9054496
101.378,47.16,33.901,1550793353.3727162
101.38,47.07,33.901,1550793355.8398805
101.378,47.03,33.906,1550793358.3041363
101.379,47.1,33.907,1550793360.778138
101.381,47.12,33.911,1550793363.2494078
101.38,47.12,33.916,1550793365.7123747
101.383,47.07,33.917,1550793368.1816354
101.379,47.01,33.922,1550793370.649416
101.381,46.94,33.924,1550793373.1122015
101.38,46.86,33.932,1550793375.5743861
101.38,46.73,33.929,1550793378.0412254
101.383,46.72,33.932,1550793380.5080585
101.379,46.83,33.931,1550793382.9749675
101.378,47.01,33.937,1550793385.4420657
101.381,47.17,33.938,1550793387.909313
101.381,47.29,33.937,1550793390.3764212
101.378,47.33,33.935,1550793392.8428698
101.381,47.29,33.934,1550793395.310019
101.383,47.24,33.933,1550793397.7793045
101.38,47.2,33.931,1550793400.249109
101.381,47.17,33.928,1550793402.716454
101.381,47.11,33.922,1550793405.182075
101.377,47.07,33.91,1550793407.6419582
101.379,47.06,33.913,1550793410.1030233
101.38,47.04,33.912,1550793412.5720532
101.381,47.02,33.914,1550793415.0313146
101.379,46.96,33.914,1550793417.492166
101.375,46.94,33.913,1550793419.9594598
101.379,46.88,33.918,1550793422.4266815
101.378,46.84,33.918,1550793424.894465
101.381,46.83,33.923,1550793427.352005
101.38,46.83,33.921,1550793429.8215632
101.379,46.81,33.915,1550793432.2898586
101.379,46.85,33.92,1550793434.757802
101.381,46.87,33.923,1550793437.2221055
101.378,46.78,33.921,1550793439.691001
101.376,46.74,33.922,1550793442.1578817
101.38,46.74,33.925,1550793444.622018
101.379,46.73,33.928,1550793447.081935
101.38,46.77,33.921,1550793449.549574
101.377,46.86,33.927,1550793452.0167782
101.38,46.85,33.928,1550793454.48577
101.384,46.78,33.934,1550793456.9534411
101.379,46.77,33.931,1550793459.4210951
101.38,46.82,33.942,1550793461.889193
101.38,46.89,33.939,1550793464.355758
101.382,47.09,33.942,1550793466.8252554
101.378,47.19,33.95,1550793469.2920086
101.381,47.21,33.953,1550793471.7593207
101.38,47.18,33.956,1550793474.2266319
101.38,47.17,33.962,1550793476.6938894
101.378,47.22,33.967,1550793479.1609268
101.38,47.31,33.966,1550793481.6264582
101.375,47.38,33.969,1550793484.0937672
101.38,47.33,33.976,1550793486.5520253
101.381,47.19,33.975,1550793489.0124233
101.38,47.06,33.982,1550793491.4811711
101.38,47.01,33.985,1550793493.9446297
101.38,46.99,33.988,1550793496.4116838
101.378,46.95,33.995,1550793498.8723419
101.382,46.91,34.0,1550793501.3396735
101.38,46.83,34.001,1550793503.8069096
101.381,46.77,34.005,1550793506.273905
101.379,46.73,34.007,1550793508.7407453
101.378,46.78,34.014,1550793511.2079108
101.38,46.77,34.022,1550793513.6750476
101.38,46.78,34.021,1550793516.1424413
101.379,46.77,34.027,1550793518.6095572
101.378,46.71,34.033,1550793521.0718658
101.38,46.66,34.034,1550793523.532074
101.382,46.59,34.033,1550793525.995867
101.38,46.53,34.035,1550793528.4627995
101.382,46.46,34.038,1550793530.9298215
101.38,46.4,34.043,1550793533.3968425
101.381,46.34,34.046,1550793535.8642688
101.38,46.28,34.052,1550793538.333434
101.377,46.21,34.061,1550793540.803016
101.38,46.16,34.072,1550793543.2701755
101.377,46.08,34.077,1550793545.737196
101.378,46.03,34.091,1550793548.204554
101.38,46.04,34.104,1550793550.6709585
101.376,46.07,34.113,1550793553.1374264
101.375,46.16,34.123,1550793555.6046715
101.377,46.41,34.14,1550793558.0728266
101.376,46.65,34.148,1550793560.5402102
101.375,46.66,34.158,1550793563.007347
101.374,46.63,34.174,1550793565.4746037
101.377,46.7,34.184,1550793567.9435565
101.374,46.73,34.196,1550793570.4107523
101.373,46.71,34.207,1550793572.8747125
101.376,46.72,34.22,1550793575.3420346
101.373,46.74,34.228,1550793577.809458
101.374,46.69,34.234,1550793580.2767987
101.372,46.67,34.243,1550793582.7443688
101.372,46.57,34.252,1550793585.2116158
101.373,46.44,34.261,1550793587.6795502
101.377,46.42,34.276,1550793590.1418238
101.375,46.48,34.283,1550793592.6090465
101.372,46.54,34.292,1550793595.0766704
101.374,46.61,34.304,1550793597.5440018
101.375,46.63,34.322,1550793600.0031123
101.375,46.59,34.324,1550793602.46218
101.375,46.74,34.329,1550793604.929827
101.376,46.96,34.341,1550793607.3975885
101.376,47.01,34.347,1550793609.8649907
101.372,46.93,34.353,1550793612.3286247
101.372,46.75,34.356,1550793614.8013043
101.373,46.6,34.359,1550793617.2685828
101.376,46.6,34.365,1550793619.7365124
101.373,46.67,34.37,1550793622.2025552
101.371,46.68,34.371,1550793624.6708095
101.371,46.67,34.375,1550793627.1403575
101.37,46.58,34.376,1550793629.6080933
101.372,46.58,34.381,1550793632.0759628
101.37,46.96,34.38,1550793634.5424936
101.373,47.37,34.38,1550793637.0100017
101.374,47.58,34.387,1550793639.477321
101.374,47.69,34.386,1550793641.9445055
101.374,47.82,34.387,1550793644.4119563
101.372,47.92,34.39,1550793646.8797143
101.374,47.99,34.39,1550793649.3421125
101.372,47.99,34.395,1550793651.8095345
101.375,47.82,34.396,1550793654.2773366
101.371,47.63,34.397,1550793656.7448215
101.372,47.48,34.396,1550793659.2122116
101.372,47.35,34.393,1550793661.6825695
101.374,47.25,34.403,1550793664.142277
101.376,47.19,34.409,1550793666.6108353
101.376,47.1,34.418,1550793669.0721035
101.374,46.99,34.416,1550793671.5395672
101.376,46.9,34.421,1550793674.0068755
101.375,46.83,34.425,1550793676.4766343
101.372,46.77,34.426,1550793678.9440095
101.374,46.67,34.425,1550793681.4073
101.376,46.67,34.429,1550793683.874989
101.373,46.7,34.426,1550793686.3420908
101.374,46.79,34.43,1550793688.803043
101.373,46.8,34.427,1550793691.2622972
101.376,46.77,34.427,1550793693.7220702
101.373,46.66,34.413,1550793696.1893017
101.378,46.48,34.409,1550793698.6565206
101.374,46.22,34.391,1550793701.1274238
101.374,46.02,34.38,1550793703.5978081
101.377,45.88,34.365,1550793706.0652719
101.372,45.64,34.339,1550793708.5325258
101.375,45.46,34.315,1550793710.9995167
101.372,45.28,34.301,1550793713.4623084
101.372,45.15,34.272,1550793715.929701
101.372,45.06,34.257,1550793718.396704
101.374,45.11,34.235,1550793720.8646293
101.379,45.22,34.215,1550793723.3327649
101.375,45.2,34.188,1550793725.8010316
101.374,45.15,34.164,1550793728.2686238
101.374,45.03,34.141,1550793730.736023
101.375,44.77,34.118,1550793733.2021768
101.374,44.68,34.093,1550793735.6701417
101.377,44.69,34.075,1550793738.1319795
101.379,44.74,34.047,1550793740.5992575
101.376,44.74,34.018,1550793743.0664036
101.377,44.77,33.995,1550793745.5325904
101.377,44.8,33.963,1550793748.0014358
101.378,44.75,33.94,1550793750.4688203
101.377,44.7,33.906,1550793752.9378335
101.377,44.73,33.886,1550793755.4020066
101.378,44.74,33.863,1550793757.8620944
101.376,44.76,33.842,1550793760.3298707
101.376,44.74,33.828,1550793762.7920237
101.376,44.72,33.814,1550793765.259003
101.377,44.7,33.804,1550793767.7223678
101.376,44.74,33.794,1550793770.1894407
101.377,44.77,33.792,1550793772.6578655
101.376,44.81,33.788,1550793775.1262374
101.374,44.86,33.782,1550793777.5964158
101.374,45.0,33.776,1550793780.0585368
101.376,45.2,33.771,1550793782.5262103
101.375,45.34,33.764,1550793784.99241
101.376,45.47,33.762,1550793787.4622793
101.372,45.47,33.757,1550793789.9300835
101.375,45.44,33.752,1550793792.3974001
101.375,45.43,33.75,1550793794.8644423
101.375,45.43,33.746,1550793797.331636
101.373,45.36,33.746,1550793799.7921097
101.373,45.29,33.744,1550793802.257628
101.375,45.23,33.742,1550793804.7248263
101.37,45.28,33.74,1550793807.192109
101.374,45.36,33.741,1550793809.6620195
101.375,45.44,33.739,1550793812.12959
101.374,45.44,33.735,1550793814.600039
101.374,45.45,33.734,1550793817.0678306
101.377,45.46,33.732,1550793819.53678
101.374,45.56,33.738,1550793822.003881
101.375,45.63,33.742,1550793824.4710634
101.373,45.71,33.743,1550793826.9377267
101.376,45.71,33.741,1550793829.4047318
101.375,45.64,33.739,1550793831.8732271
101.373,45.53,33.724,1550793834.343633
101.377,45.54,33.717,1550793836.8009048
101.375,45.54,33.713,1550793839.2619667
101.379,45.57,33.704,1550793841.7293296
101.373,45.7,33.684,1550793844.1972358
101.372,45.87,33.664,1550793846.6652067
101.374,45.91,33.648,1550793849.1336987
101.375,45.94,33.629,1550793851.601136
101.369,46.0,33.61,1550793854.0633748
101.372,46.13,33.583,1550793856.531055
101.371,46.24,33.555,1550793858.9993677
101.373,46.22,33.525,1550793861.4620306
101.369,46.07,33.495,1550793863.9307954
101.372,45.97,33.459,1550793866.3984299
101.373,45.95,33.433,1550793868.8660877
101.374,46.04,33.402,1550793871.3322048
101.373,46.13,33.374,1550793873.8018055
101.372,46.19,33.352,1550793876.2714636
101.372,46.24,33.32,1550793878.7422442
101.372,46.25,33.301,1550793881.2092597
101.368,46.29,33.271,1550793883.6773443
101.372,46.36,33.25,1550793886.1414206
101.373,46.42,33.231,1550793888.6109896
101.372,46.44,33.207,1550793891.0795195
101.374,46.5,33.187,1550793893.5499039
101.375,46.51,33.165,1550793896.0170262
101.375,46.53,33.141,1550793898.484256
101.374,46.61,33.12,1550793900.9498677
101.375,46.58,33.1,1550793903.4174714
101.374,46.45,33.08,1550793905.8845875
101.376,46.38,33.062,1550793908.3423102
101.378,46.38,33.04,1550793910.8022285
101.372,46.44,33.019,1550793913.2705932
101.372,46.45,33.005,1550793915.73776
101.375,46.48,32.994,1550793918.2049904
101.371,46.63,32.982,1550793920.6725667
101.374,46.82,32.966,1550793923.140647
101.371,46.93,32.95,1550793925.6077256
101.372,47.09,32.937,1550793928.074804
101.372,47.12,32.921,1550793930.542025
101.37,47.0,32.904,1550793933.0096178
101.372,46.92,32.892,1550793935.4774272
101.371,46.87,32.884,1550793937.9430454
101.37,46.86,32.873,1550793940.4102619
101.367,46.81,32.857,1550793942.8720698
101.372,46.67,32.845,1550793945.3309197
101.371,46.54,32.836,1550793947.7919834
101.372,46.46,32.817,1550793950.2595108
101.372,46.39,32.811,1550793952.726573
101.372,46.38,32.803,1550793955.1946673
101.37,46.37,32.798,1550793957.6625512
101.373,46.29,32.788,1550793960.1302638
101.372,46.27,32.779,1550793962.598981
101.371,46.2,32.763,1550793965.0678015
101.371,46.2,32.75,1550793967.5357597
101.37,46.25,32.739,1550793970.0075657
101.369,46.37,32.727,1550793972.4754565
101.369,46.49,32.717,1550793974.9434273
101.372,46.57,32.709,1550793977.411557
101.369,46.62,32.695,1550793979.8797152
101.369,46.75,32.686,1550793982.347467
101.369,46.87,32.672,1550793984.8170047
101.371,46.91,32.664,1550793987.2849596
101.37,47.03,32.655,1550793989.7530665
101.372,47.09,32.652,1550793992.2206168
101.371,47.14,32.644,1550793994.6824756
101.37,47.06,32.642,1550793997.1421483
101.371,46.95,32.631,1550793999.6104527
101.367,46.85,32.622,1550794002.0787306
101.369,46.77,32.621,1550794004.5493517
101.368,46.67,32.614,1550794007.0171454
101.37,46.59,32.603,1550794009.4849777
101.366,46.56,32.604,1550794011.953069
101.37,46.59,32.604,1550794014.420906
101.371,46.65,32.605,1550794016.8818512
101.37,46.78,32.598,1550794019.342047
101.367,46.9,32.594,1550794021.8018017
101.37,46.96,32.594,1550794024.2692149
101.366,47.02,32.59,1550794026.7324655
101.368,47.11,32.59,1550794029.1920419
101.367,47.26,32.584,1550794031.659223
101.369,47.53,32.584,1550794034.126202
101.371,47.7,32.574,1550794036.5964682
101.365,47.7,32.562,1550794039.0645745
101.366,47.7,32.555,1550794041.5323684
101.364,47.67,32.551,1550794043.9920042
101.365,47.62,32.544,1550794046.462167
101.366,47.56,32.546,1550794048.9227195
101.366,47.46,32.542,1550794051.3926773
101.368,47.36,32.541,1550794053.8599973
101.368,47.28,32.546,1550794056.3274949
101.37,47.22,32.548,1550794058.7944717
101.368,47.08,32.551,1550794061.2518365
101.368,46.89,32.546,1550794063.7233653
101.369,46.82,32.548,1550794066.1820571
101.365,46.83,32.541,1550794068.6502347
101.363,46.89,32.541,1550794071.119205
101.365,46.86,32.535,1550794073.5878325
101.365,46.79,32.53,1550794076.0566525
101.367,46.72,32.525,1550794078.5254807
101.363,46.65,32.518,1550794080.9937239
101.368,46.6,32.508,1550794083.4618149
101.365,46.55,32.502,1550794085.9293933
101.365,46.53,32.492,1550794088.3999157
101.366,46.63,32.484,1550794090.8674214
101.363,46.76,32.474,1550794093.3352127
101.366,46.84,32.467,1550794095.8023603
101.365,46.9,32.456,1550794098.2647521
101.364,46.92,32.448,1550794100.7327483
101.365,46.95,32.44,1550794103.2000706
101.366,47.09,32.432,1550794105.6716123
101.367,47.35,32.432,1550794108.1328049
101.365,47.5,32.419,1550794110.5999515
101.365,47.56,32.414,1550794113.0670242
101.365,47.63,32.407,1550794115.5345626
101.365,47.76,32.404,1550794117.992018
101.366,47.88,32.392,1550794120.4590242
101.365,47.94,32.39,1550794122.9281926
101.365,47.9,32.38,1550794125.3953655
101.363,47.9,32.379,1550794127.8626125
101.368,47.94,32.382,1550794130.3250625
101.367,47.99,32.389,1550794132.7929318
101.367,48.0,32.389,1550794135.2524908
101.363,48.05,32.391,1550794137.7203515
101.366,48.08,32.392,1550794140.188139
101.368,48.09,32.405,1550794142.6561117
101.363,48.13,32.411,1550794145.1257374
101.36,48.2,32.424,1550794147.593048
101.364,48.33,32.434,1550794150.0602894
101.361,48.54,32.447,1550794152.528059
101.366,48.75,32.462,1550794154.9920342
101.364,48.9,32.477,1550794157.459661
101.361,48.96,32.493,1550794159.9265914
101.366,49.01,32.511,1550794162.3950183
101.367,49.09,32.518,1550794164.8621898
101.364,49.16,32.537,1550794167.3295808
101.366,49.3,32.557,1550794169.79211
101.366,49.44,32.57,1550794172.2624018
101.365,49.52,32.584,1550794174.7305949
101.366,49.53,32.601,1550794177.1981778
101.369,49.48,32.621,1550794179.6632152
101.368,49.4,32.64,1550794182.1305733
101.367,49.29,32.659,1550794184.5992103
101.366,49.15,32.679,1550794187.0673044
101.366,48.97,32.703,1550794189.5357
101.369,48.75,32.719,1550794192.0057113
101.368,48.63,32.737,1550794194.473923
101.368,48.51,32.757,1550794196.9376256
101.367,48.38,32.769,1550794199.4055169
101.364,48.27,32.787,1550794201.8747663
101.367,48.19,32.803,1550794204.3422866
101.367,48.27,32.823,1550794206.803937
101.37,48.29,32.84,1550794209.2710116
101.366,48.25,32.851,1550794211.739338
101.37,48.13,32.863,1550794214.2066166
101.368,47.99,32.874,1550794216.6781657
101.367,47.93,32.878,1550794219.1443145
101.368,47.92,32.893,1550794221.6022687
101.368,47.96,32.899,1550794224.0694022
101.369,48.05,32.908,1550794226.5320668
101.367,48.17,32.908,1550794228.999225
101.368,48.25,32.917,1550794231.4619396
101.366,48.25,32.92,1550794233.9292574
101.368,48.3,32.931,1550794236.3963895
101.368,48.39,32.937,1550794238.862075
101.368,48.45,32.943,1550794241.32896
101.366,48.5,32.956,1550794243.796533
101.367,48.66,32.965,1550794246.2638419
101.367,48.73,32.973,1550794248.722427
101.368,48.81,32.978,1550794251.189959
101.368,48.91,32.99,1550794253.6590846
101.368,48.99,32.998,1550794256.1267767
101.37,49.01,33.007,1550794258.5947714
101.369,49.04,33.02,1550794261.055663
101.368,49.1,33.026,1550794263.5236626
101.371,49.1,33.043,1550794265.9913886
101.366,49.04,33.05,1550794268.4593604
101.37,48.97,33.06,1550794270.9269054
101.371,48.88,33.072,1550794273.3955562
101.365,48.8,33.081,1550794275.8634388
101.369,48.76,33.084,1550794278.331381
101.37,49.07,33.098,1550794280.792303
101.366,49.44,33.103,1550794283.2599478
101.367,49.43,33.114,1550794285.7275167
101.368,49.21,33.119,1550794288.1952686
101.368,49.07,33.127,1550794290.6635265
101.367,48.97,33.138,1550794293.1317647
101.367,49.03,33.149,1550794295.5922904
101.367,49.01,33.16,1550794298.0556037
101.368,48.86,33.163,1550794300.5170422
101.363,48.74,33.174,1550794302.9849143
101.367,48.68,33.182,1550794305.4522207
101.364,48.84,33.196,1550794307.9200635
101.368,49.39,33.203,1550794310.3877368
101.365,49.74,33.208,1550794312.855914
101.369,50.04,33.219,1550794315.3237817
101.366,50.21,33.223,1550794317.7916927
101.367,50.39,33.23,1550794320.2600675
101.365,50.62,33.236,1550794322.7283165
101.364,50.79,33.242,1550794325.196048
101.367,50.92,33.246,1550794327.6643434
101.366,50.93,33.246,1550794330.1252077
101.368,50.9,33.255,1550794332.5926924
101.364,50.85,33.259,1550794335.061135
101.363,50.8,33.268,1550794337.5294409
101.362,50.69,33.271,1550794339.9922454
101.366,50.64,33.275,1550794342.4607768
101.366,50.5,33.278,1550794344.929087
101.366,50.22,33.281,1550794347.3920376
101.366,49.94,33.282,1550794349.8622797
101.363,49.72,33.287,1550794352.3295608
101.367,49.52,33.291,1550794354.8007886
101.367,49.43,33.301,1550794357.267859
101.365,49.39,33.304,1550794359.7353525
101.364,49.39,33.308,1550794362.2003772
101.364,49.52,33.314,1550794364.6677032
101.367,49.57,33.314,1550794367.1349397
101.367,49.5,33.32,1550794369.6021345
101.366,49.44,33.322,1550794372.0693083
101.366,49.31,33.322,1550794374.5299165
101.364,49.38,33.326,1550794376.9969823
101.365,49.45,33.332,1550794379.464645
101.367,49.54,33.332,1550794381.932292
101.364,49.53,33.331,1550794384.3995218
101.364,49.37,33.335,1550794386.8666525
101.366,49.17,33.332,1550794389.334098
101.364,49.03,33.336,1550794391.8011346
101.367,48.96,33.341,1550794394.2616687
101.364,48.92,33.342,1550794396.728844
101.365,48.81,33.347,1550794399.1963284
101.362,48.78,33.351,1550794401.6628294
101.366,48.79,33.357,1550794404.1298187
101.368,48.72,33.357,1550794406.5929723
101.366,48.72,33.348,1550794409.0585914
101.365,48.71,33.358,1550794411.5336134
101.364,48.73,33.364,1550794413.9923646
101.363,48.71,33.362,1550794416.4618478
101.362,48.61,33.36,1550794418.9288363
101.363,48.51,33.367,1550794421.3949459
101.366,48.39,33.373,1550794423.861945
101.364,48.35,33.377,1550794426.3289065
101.364,48.34,33.382,1550794428.7974262
101.363,48.34,33.377,1550794431.2649224
101.366,48.36,33.383,1550794433.7327528
101.362,48.39,33.386,1550794436.1999009
101.363,48.34,33.386,1550794438.6694617
101.364,48.33,33.382,1550794441.132468
101.36,48.44,33.381,1550794443.5993662
101.365,48.48,33.384,1550794446.0665338
101.363,48.5,33.381,1550794448.5336561
101.365,48.46,33.375,1550794451.0006373
101.365,48.34,33.365,1550794453.467715
101.364,48.22,33.35,1550794455.932112
101.362,48.1,33.334,1550794458.3989851
101.363,47.84,33.319,1550794460.859332
101.36,47.69,33.307,1550794463.3264694
101.362,47.71,33.289,1550794465.7921073
101.363,47.67,33.269,1550794468.2590444
101.365,47.59,33.251,1550794470.726209
101.363,47.53,33.229,1550794473.1935534
101.366,47.42,33.216,1550794475.6531832
101.366,47.34,33.196,1550794478.1211362
101.367,47.41,33.183,1550794480.5880961
101.367,47.51,33.16,1550794483.055106
101.369,47.53,33.144,1550794485.5222983
101.368,47.36,33.124,1550794487.9820817
101.367,47.2,33.104,1550794490.4492643
101.368,47.17,33.078,1550794492.9165897
101.366,47.09,33.06,1550794495.38225
101.36,47.02,33.034,1550794497.8508308
101.36,46.94,33.015,1550794500.320164
101.366,46.94,32.997,1550794502.7900188
101.361,46.98,32.977,1550794505.2569888
101.367,47.05,32.963,1550794507.7242675
101.364,47.2,32.948,1550794510.1824853
101.361,47.32,32.93,1550794512.643459
101.362,47.45,32.914,1550794515.1109807
101.364,47.61,32.909,1550794517.5784798
101.362,47.77,32.901,1550794520.0423365
101.363,47.89,32.893,1550794522.5022118
101.36,48.02,32.889,1550794524.9695117
101.363,48.12,32.887,1550794527.436733
101.364,48.12,32.883,1550794529.9038658
101.362,48.15,32.885,1550794532.3708892
101.362,48.27,32.883,1550794534.8320973
101.362,48.42,32.881,1550794537.2923877
101.362,48.56,32.883,1550794539.761478
101.362,48.62,32.878,1550794542.2286289
101.364,48.57,32.881,1550794544.6973188
101.364,48.46,32.882,1550794547.1645353
101.36,48.4,32.88,1550794549.62204
101.364,48.4,32.883,1550794552.0898893
101.364,48.37,32.879,1550794554.557561
101.363,48.23,32.883,1550794557.016127
101.362,48.11,32.876,1550794559.4837096
101.362,48.06,32.875,1550794561.9523635
101.364,48.05,32.876,1550794564.412264
101.364,48.05,32.878,1550794566.8808992
101.362,48.03,32.876,1550794569.3479338
101.362,47.99,32.877,1550794571.8120694
101.361,48.04,32.877,1550794574.2792614
101.36,48.21,32.881,1550794576.7465875
101.36,48.4,32.882,1550794579.2120342
101.362,48.52,32.885,1550794581.6792543
101.361,48.68,32.885,1550794584.1463275
101.364,48.88,32.884,1550794586.6139762
101.364,49.05,32.888,1550794589.0724788
101.361,49.07,32.884,1550794591.5410388
101.362,49.0,32.884,1550794594.0117424
101.364,48.97,32.889,1550794596.4791753
101.364,48.98,32.895,1550794598.9468474
101.361,48.92,32.897,1550794601.4151993
101.366,48.89,32.904,1550794603.8819952
101.361,48.92,32.907,1550794606.3490846
101.359,49.0,32.909,1550794608.8168316
101.363,49.11,32.916,1550794611.2819304
101.363,49.21,32.931,1550794613.7422097
101.363,49.19,32.935,1550794616.2101705
101.364,49.08,32.942,1550794618.6779547
101.362,48.92,32.952,1550794621.1451018
101.364,48.79,32.958,1550794623.6120367
101.365,48.77,32.964,1550794626.079116
101.361,48.8,32.969,1550794628.5399208
101.362,48.73,32.975,1550794631.0070186
101.36,48.64,32.977,1550794633.47438
101.362,48.62,32.989,1550794635.941887
101.362,48.63,32.995,1550794638.4091313
101.36,48.56,33.001,1550794640.8767433
101.363,48.53,33.005,1550794643.3438954
101.359,48.62,33.007,1550794645.8112934
101.361,48.74,33.014,1550794648.2738757
101.362,48.75,33.023,1550794650.732383
101.362,48.8,33.03,1550794653.1991594
101.362,48.87,33.04,1550794655.6706288
101.362,48.92,33.049,1550794658.137861
101.36,48.83,33.052,1550794660.6054952
101.359,48.72,33.063,1550794663.0764883
101.362,48.66,33.07,1550794665.544881
101.361,48.62,33.072,1550794668.0122864
101.361,48.57,33.075,1550794670.4729602
101.356,48.51,33.079,1550794672.9424253
101.36,48.45,33.078,1550794675.40981
101.357,48.41,33.076,1550794677.8768084
101.361,48.38,33.078,1550794680.3407707
101.355,48.36,33.076,1550794682.80787
101.36,48.38,33.084,1550794685.2739298
101.359,48.47,33.076,1550794687.7411394
101.361,48.55,33.073,1550794690.208124
101.362,48.59,33.068,1550794692.6729107
101.36,48.53,33.062,1550794695.1400018
101.358,48.43,33.056,1550794697.6070092
101.357,48.35,33.053,1550794700.0740972
101.362,48.3,33.057,1550794702.5411959
101.358,48.27,33.057,1550794705.009939
101.359,48.26,33.059,1550794707.4738753
101.361,48.38,33.062,1550794709.9415934
101.362,48.4,33.06,1550794712.4099765
101.358,48.35,33.058,1550794714.8777049
101.359,48.32,33.057,1550794717.3452797
101.358,48.3,33.052,1550794719.8155448
101.357,48.28,33.045,1550794722.282887
101.358,48.28,33.044,1550794724.7538457
101.36,48.4,33.048,1550794727.2129385
101.361,48.52,33.04,1550794729.681468
101.358,48.55,33.044,1550794732.1489384
101.359,48.65,33.032,1550794734.6176767
101.358,48.7,33.026,1550794737.0854926
101.36,48.68,33.014,1550794739.5558403
101.356,48.59,33.006,1550794742.024187
101.357,48.55,33.003,1550794744.486496
101.358,48.53,32.999,1550794746.953648
101.36,48.49,32.994,1550794749.41962
101.361,48.46,32.991,1550794751.8862417
101.358,48.44,32.993,1550794754.3538783
101.359,48.5,32.989,1550794756.8209898
101.357,48.53,32.985,1550794759.2876859
101.356,48.51,32.97,1550794761.7568903
101.358,48.45,32.962,1550794764.2224913
101.357,48.41,32.95,1550794766.6920264
101.359,48.37,32.938,1550794769.1591072
101.354,48.49,32.925,1550794771.622004
101.358,48.63,32.917,1550794774.089331
101.355,48.89,32.902,1550794776.5567567
101.358,48.91,32.886,1550794779.0238967
101.355,48.88,32.875,1550794781.4911103
101.355,48.92,32.86,1550794783.9607093
101.356,48.99,32.849,1550794786.4289541
101.355,49.1,32.838,1550794788.8961358
101.354,49.19,32.83,1550794791.3633187
101.355,49.18,32.817,1550794793.8306348
101.355,49.17,32.806,1550794796.298059
101.352,49.23,32.791,1550794798.7621882
101.356,49.25,32.777,1550794801.2293167
101.354,49.27,32.759,1550794803.6968665
101.357,49.22,32.746,1550794806.1638472
101.353,49.12,32.735,1550794808.6305823
101.353,49.04,32.718,1550794811.0967333
101.356,48.99,32.706,1550794813.5676265
101.357,49.01,32.694,1550794816.0351167
101.354,49.08,32.674,1550794818.505807
101.354,49.22,32.654,1550794820.9737122
101.355,49.35,32.642,1550794823.442318
101.358,49.36,32.628,1550794825.912687
101.356,49.3,32.608,1550794828.3800073
101.356,49.24,32.602,1550794830.8473423
101.351,49.26,32.587,1550794833.3150787
101.353,49.26,32.574,1550794835.7820845
101.357,49.22,32.558,1550794838.250141
101.353,49.25,32.549,1550794840.718002
101.356,49.25,32.537,1550794843.189283
101.355,49.24,32.523,1550794845.6612782
101.354,49.23,32.511,1550794848.131535
101.352,49.2,32.508,1550794850.5979092
101.352,49.31,32.496,1550794853.069353
101.355,49.44,32.491,1550794855.5373368
101.351,49.45,32.487,1550794857.998277
101.353,49.45,32.48,1550794860.461966
101.352,49.51,32.477,1550794862.9222033
101.351,49.63,32.473,1550794865.3897617
101.35,49.77,32.47,1550794867.8573399
101.351,49.82,32.47,1550794870.3158574
101.352,49.82,32.471,1550794872.7832923
101.352,49.84,32.475,1550794875.2505682
101.354,49.82,32.483,1550794877.712294
101.352,49.8,32.484,1550794880.179768
101.353,49.77,32.487,1550794882.6484768
101.352,49.72,32.496,1550794885.1158247
101.354,49.76,32.506,1550794887.5851781
101.351,49.87,32.513,1550794890.046599
101.355,50.0,32.518,1550794892.5145507
101.354,50.14,32.53,1550794894.9817133
101.354,50.28,32.536,1550794897.449005
101.354,50.54,32.542,1550794899.9163153
101.356,50.6,32.555,1550794902.379767
101.354,50.53,32.559,1550794904.846386
101.355,50.41,32.568,1550794907.312363
101.358,50.29,32.577,1550794909.7823412
101.355,50.23,32.588,1550794912.2525964
101.353,50.28,32.592,1550794914.7205958
101.358,50.26,32.604,1550794917.1909702
101.355,50.13,32.611,1550794919.6609552
101.357,50.05,32.617,1550794922.128081
101.357,50.0,32.624,1550794924.595181
101.357,49.99,32.626,1550794927.0622752
101.356,49.96,32.641,1550794929.529371
101.357,49.99,32.646,1550794931.9981587
101.356,50.02,32.652,1550794934.4652038
101.353,50.11,32.658,1550794936.932422
101.358,50.15,32.668,1550794939.399494
101.356,50.1,32.671,1550794941.8667023
101.358,50.12,32.674,1550794944.3340364
101.357,50.15,32.677,1550794946.8025227
101.355,50.23,32.681,1550794949.2701414
101.354,50.29,32.689,1550794951.7384298
101.357,50.31,32.689,1550794954.2023761
101.355,50.25,32.688,1550794956.6693993
101.358,50.24,32.693,1550794959.1317344
101.356,50.26,32.688,1550794961.5989852
101.358,50.25,32.691,1550794964.0660803
101.358,50.28,32.686,1550794966.5334964
101.357,50.38,32.683,1550794969.0008638
101.359,50.36,32.676,1550794971.468842
101.355,50.25,32.668,1550794973.9319193
101.361,50.12,32.666,1550794976.3980267
101.354,49.95,32.652,1550794978.865148
101.357,49.85,32.639,1550794981.3320634
101.356,49.7,32.631,1550794983.7993617
101.355,49.58,32.614,1550794986.2662368
101.357,49.45,32.589,1550794988.7335203
101.353,49.4,32.576,1550794991.2005064
101.354,49.33,32.557,1550794993.6636183
101.356,49.28,32.543,1550794996.127761
101.356,49.38,32.528,1550794998.5948546
101.355,49.41,32.513,1550795001.0620701
101.351,49.47,32.501,1550795003.5322375
101.354,49.5,32.488,1550795005.9965665
101.354,49.52,32.481,1550795008.4623716
101.353,49.56,32.472,1550795010.931261
101.352,49.58,32.464,1550795013.4016135
101.352,49.59,32.456,1550795015.8691504
101.353,49.56,32.457,1550795018.3363626
101.354,49.52,32.457,1550795020.8019233
101.353,49.49,32.456,1550795023.2620616
101.353,49.47,32.456,1550795025.7298508
101.352,49.48,32.46,1550795028.2001495
101.355,49.57,32.458,1550795030.6683753
101.354,49.66,32.463,1550795033.1326745
101.353,49.63,32.469,1550795035.6019275
101.351,49.57,32.472,1550795038.0696871
101.351,49.64,32.469,1550795040.5370274
101.35,49.76,32.475,1550795043.0000336
101.353,49.72,32.474,1550795045.4624226
101.352,49.66,32.473,1550795047.9297442
101.354,49.64,32.472,1550795050.400202
101.352,49.62,32.472,1550795052.8676343
101.351,49.61,32.474,1550795055.3360543
101.355,49.62,32.481,1550795057.8022232
101.351,49.59,32.473,1550795060.2693663
101.35,49.63,32.473,1550795062.7365444
101.353,49.7,32.472,1550795065.2036269
101.353,49.77,32.473,1550795067.6626847
101.35,49.93,32.468,1550795070.1297588
101.351,50.02,32.47,1550795072.5963416
101.352,50.07,32.47,1550795075.066246
101.353,50.11,32.468,1550795077.534825
101.352,50.15,32.469,1550795080.0002766
101.351,50.18,32.471,1550795082.4678187
101.35,50.17,32.473,1550795084.9352071
101.35,50.11,32.475,1550795087.4024515
101.353,50.11,32.486,1550795089.8621001
101.351,50.16,32.487,1550795092.3295348
101.35,50.3,32.493,1550795094.797767
101.349,50.37,32.499,1550795097.2648559
101.35,50.49,32.507,1550795099.7324104
101.35,50.8,32.508,1550795102.1993763
101.352,51.06,32.512,1550795104.668359
101.353,51.37,32.513,1550795107.1365647
101.352,51.49,32.517,1550795109.6042945
101.353,51.5,32.518,1550795112.0714738
101.352,51.7,32.523,1550795114.5387156
101.353,51.66,32.525,1550795117.0120425
101.349,51.48,32.531,1550795119.4820132
101.353,51.31,32.537,1550795121.94942
101.351,51.34,32.535,1550795124.4165337
101.354,51.22,32.54,1550795126.8842075
101.351,51.06,32.544,1550795129.3429203
101.352,50.88,32.551,1550795131.8024368
101.351,50.77,32.559,1550795134.270337
101.351,50.67,32.567,1550795136.7375898
101.348,50.58,32.574,1550795139.204695
101.35,50.55,32.585,1550795141.6660712
101.349,50.6,32.584,1550795144.1338775
101.348,50.61,32.594,1550795146.5933948
101.351,50.54,32.597,1550795149.0635183
101.349,50.59,32.597,1550795151.5311034
101.349,50.57,32.593,1550795153.9982822
101.351,50.51,32.6,1550795156.461878
101.351,50.38,32.592,1550795158.9288504
101.349,50.28,32.599,1550795161.3939595
101.352,50.21,32.607,1550795163.861034
101.351,50.19,32.598,1550795166.328047
101.35,50.18,32.599,1550795168.7919095
101.35,50.15,32.59,1550795171.2590423
101.35,50.14,32.59,1550795173.7262776
101.352,50.21,32.589,1550795176.193641
101.352,50.36,32.59,1550795178.6608322
101.351,50.39,32.582,1550795181.1259832
101.352,50.36,32.577,1550795183.5933826
101.35,50.28,32.568,1550795186.0604534
101.351,50.21,32.567,1550795188.5275548
101.351,50.17,32.559,1550795190.9945796
101.351,50.13,32.555,1550795193.461586
101.35,50.09,32.547,1550795195.9245262
101.352,50.04,32.547,1550795198.3917224
101.349,50.03,32.541,1550795200.855937
101.351,50.02,32.54,1550795203.3220606
101.348,50.09,32.538,1550795205.789307
101.349,50.1,32.532,1550795208.2561314
101.347,50.05,32.533,1550795210.7235591
101.349,50.01,32.532,1550795213.1905186
101.35,49.97,32.528,1550795215.6577253
101.349,49.98,32.527,1550795218.1234663
101.35,50.07,32.524,1550795220.591111
101.35,50.06,32.52,1550795223.0624745
101.348,50.07,32.519,1550795225.5340395
101.348,50.06,32.518,1550795227.99604
101.345,49.93,32.509,1550795230.4629931
101.349,49.85,32.506,1550795232.930138
101.349,49.93,32.502,1550795235.397375
101.35,49.96,32.494,1550795237.8645303
101.347,49.99,32.491,1550795240.3329294
101.347,49.97,32.482,1550795242.7926748
101.347,49.91,32.482,1550795245.2524512
101.346,49.97,32.481,1550795247.7201242
101.347,49.98,32.483,1550795250.1879914
101.345,49.92,32.481,1550795252.6492183
101.348,49.9,32.48,1550795255.1165762
101.35,49.91,32.489,1550795257.584551
101.348,49.94,32.493,1550795260.052427
101.351,49.98,32.503,1550795262.5123105
101.345,50.13,32.506,1550795264.980323
101.349,50.52,32.515,1550795267.4429204
101.351,50.81,32.524,1550795269.9021537
101.347,50.88,32.517,1550795272.3664827
101.35,50.88,32.523,1550795274.824975
101.349,51.08,32.522,1550795277.2923515
101.347,51.28,32.527,1550795279.7659922
101.346,51.45,32.526,1550795282.2336352
101.347,51.66,32.532,1550795284.7024662
101.346,51.78,32.537,1550795287.163037
101.345,51.85,32.532,1550795289.624303
101.348,51.92,32.536,1550795292.0920806
101.347,51.96,32.533,1550795294.560921
101.348,52.04,32.538,1550795297.028563
101.346,52.05,32.536,1550795299.493675
101.347,52.04,32.54,1550795301.962455
101.347,52.15,32.541,1550795304.4223778
101.348,52.14,32.547,1550795306.8907444
101.344,52.05,32.554,1550795309.3524349
101.345,51.78,32.557,1550795311.81302
101.346,51.6,32.56,1550795314.28039
101.345,51.54,32.561,1550795316.7422986
101.346,51.4,32.573,1550795319.2001557
101.349,51.27,32.582,1550795321.6680532
101.345,51.02,32.589,1550795324.1329772
101.348,50.98,32.592,1550795326.6007657
101.346,51.0,32.598,1550795329.0695817
101.345,51.06,32.607,1550795331.5381026
101.349,50.95,32.611,1550795334.006617
101.346,50.87,32.61,1550795336.472936
101.346,51.01,32.619,1550795338.9407616
101.345,51.3,32.622,1550795341.41016
101.348,51.65,32.628,1550795343.8780782
101.348,51.82,32.637,1550795346.3454497
101.346,51.81,32.641,1550795348.8171186
101.348,51.77,32.647,1550795351.2820845
101.346,51.75,32.654,1550795353.750351
101.348,51.66,32.658,1550795356.2177234
101.349,51.64,32.662,1550795358.6858842
101.348,51.53,32.662,1550795361.1523376
101.349,51.33,32.669,1550795363.6211627
101.347,51.09,32.671,1550795366.0822387
101.348,50.82,32.67,1550795368.5509384
101.346,50.32,32.665,1550795371.020387
101.345,50.04,32.662,1550795373.4888437
101.346,49.86,32.653,1550795375.9565399
101.348,49.66,32.651,1550795378.426594
101.347,49.52,32.641,1550795380.8940144
101.348,49.36,32.635,1550795383.361242
101.349,49.08,32.618,1550795385.8281565
101.346,48.88,32.601,1550795388.3041584
101.345,48.77,32.588,1550795390.772284
101.344,48.69,32.583,1550795393.2325513
101.345,48.54,32.57,1550795395.7007623
101.348,48.49,32.558,1550795398.1623256
101.346,48.44,32.542,1550795400.6306171
101.347,48.3,32.531,1550795403.095255
101.346,48.19,32.513,1550795405.5627196
101.346,48.09,32.493,1550795408.0297863
101.346,48.0,32.476,1550795410.496983
101.345,47.94,32.452,1550795412.9644055
101.344,47.92,32.431,1550795415.4313934
101.342,47.95,32.414,1550795417.8918738
101.342,47.98,32.39,1550795420.3588548
101.34,47.89,32.365,1550795422.8252835
101.34,47.97,32.347,1550795425.2830808
101.341,48.09,32.325,1550795427.7519317
101.34,48.12,32.306,1550795430.2124503
101.341,48.19,32.28,1550795432.6812558
101.341,48.26,32.26,1550795435.148686
101.34,48.23,32.239,1550795437.6164408
101.34,48.18,32.227,1550795440.0757115
101.342,48.32,32.215,1550795442.5441246
101.339,48.66,32.206,1550795445.0032272
101.342,48.91,32.198,1550795447.4624498
101.34,49.07,32.185,1550795449.930505
101.341,49.06,32.18,1550795452.3991065
101.341,48.96,32.177,1550795454.8674161
101.339,48.9,32.179,1550795457.3353155
101.338,48.87,32.18,1550795459.8032262
101.34,49.01,32.183,1550795462.2639332
101.339,49.25,32.18,1550795464.7322068
101.339,49.38,32.185,1550795467.2015727
101.34,49.55,32.184,1550795469.6688666
101.341,49.58,32.182,1550795472.136102
101.338,49.52,32.175,1550795474.6034935
101.342,49.47,32.177,1550795477.0707674
101.341,49.54,32.182,1550795479.5380456
101.342,49.62,32.179,1550795482.0082614
101.341,49.63,32.184,1550795484.4811502
101.342,49.67,32.179,1550795486.9490058
101.339,49.67,32.182,1550795489.4175453
101.342,49.62,32.181,1550795491.882271
101.339,49.62,32.182,1550795494.3542924
101.339,49.6,32.183,1550795496.8225975
101.34,49.54,32.189,1550795499.28972
101.339,49.44,32.188,1550795501.7522106
101.339,49.31,32.18,1550795504.2125065
101.342,49.22,32.18,1550795506.6799133
101.338,49.18,32.17,1550795509.1474311
101.34,49.26,32.168,1550795511.614608
101.339,49.29,32.16,1550795514.0820045
101.343,49.32,32.16,1550795516.548939
101.344,49.38,32.163,1550795519.0163815
101.34,49.46,32.163,1550795521.4827363
101.34,49.52,32.161,1550795523.9504786
101.338,49.64,32.16,1550795526.4190001
101.341,49.72,32.164,1550795528.888547
101.343,49.68,32.161,1550795531.3556666
101.343,49.7,32.173,1550795533.8229203
101.341,49.75,32.176,1550795536.2902467
101.342,49.72,32.184,1550795538.7577064
101.342,49.75,32.186,1550795541.2251093
101.341,49.88,32.199,1550795543.6928632
101.345,49.97,32.206,1550795546.163158
101.34,49.97,32.206,1550795548.6309488
101.343,49.87,32.214,1550795551.101208
101.34,49.81,32.216,1550795553.5683773
101.344,49.78,32.224,1550795556.0358424
101.342,49.78,32.23,1550795558.5033147
101.342,49.74,32.234,1550795560.9705324
101.344,49.86,32.243,1550795563.4389844
101.338,50.03,32.251,1550795565.9032857
101.342,50.26,32.258,1550795568.3709588
101.341,50.41,32.265,1550795570.842702
101.344,50.44,32.273,1550795573.3098884
101.34,50.43,32.282,1550795575.7721667
101.345,50.53,32.29,1550795578.2391973
101.343,50.78,32.303,1550795580.7064962
101.342,50.85,32.309,1550795583.1777096
101.342,50.74,32.317,1550795585.6455698
101.34,50.61,32.332,1550795588.1141376
101.341,50.48,32.34,1550795590.5837715
101.34,50.45,32.348,1550795593.0528913
101.345,50.62,32.357,1550795595.5217824
101.343,50.83,32.376,1550795597.9823194
101.344,51.03,32.39,1550795600.4493473
101.342,51.26,32.399,1550795602.9164371
101.343,51.62,32.407,1550795605.3844402
101.345,51.85,32.419,1550795607.8532126
101.342,51.98,32.427,1550795610.318689
101.346,52.07,32.437,1550795612.780826
101.344,52.16,32.442,1550795615.2491958
101.346,52.19,32.448,1550795617.7185266
101.346,52.16,32.457,1550795620.1820917
101.344,52.17,32.468,1550795622.6420538
101.343,52.18,32.474,1550795625.1092997
101.344,52.01,32.478,1550795627.5763736
101.344,51.69,32.483,1550795630.0435355
101.347,51.35,32.494,1550795632.5105882
101.349,51.07,32.497,1550795634.9722102
101.346,50.94,32.498,1550795637.440313
101.346,50.82,32.504,1550795639.901988
101.344,50.67,32.506,1550795642.3693216
101.348,50.55,32.509,1550795644.832217
101.346,50.4,32.512,1550795647.292625
101.346,50.29,32.51,1550795649.7609634
101.344,50.22,32.513,1550795652.2301924
101.345,50.17,32.515,1550795654.6982834
101.345,50.38,32.515,1550795657.1660235
101.344,50.56,32.513,1550795659.6333961
101.345,50.84,32.525,1550795662.0924003
101.347,51.19,32.521,1550795664.5586805
101.348,51.5,32.523,1550795667.026877
101.347,51.74,32.525,1550795669.4959571
101.343,51.8,32.523,1550795671.9623537
101.344,51.72,32.519,1550795674.4297848
101.343,51.63,32.525,1550795676.8972383
101.346,51.59,32.527,1550795679.3645904
101.345,51.49,32.536,1550795681.8319287
101.345,51.43,32.54,1550795684.2994351
101.344,51.45,32.544,1550795686.7673445
101.346,51.57,32.549,1550795689.231837
101.345,51.75,32.555,1550795691.699291
101.346,51.81,32.558,1550795694.1666222
101.344,51.84,32.558,1550795696.634508
101.343,51.83,32.562,1550795699.105405
101.345,51.75,32.565,1550795701.57648
101.345,51.54,32.571,1550795704.0450537
101.343,51.32,32.57,1550795706.5131676
101.338,51.22,32.57,1550795708.9808998
101.344,51.08,32.577,1550795711.4531412
101.347,50.94,32.585,1550795713.9207196
101.346,50.75,32.584,1550795716.3894165
101.344,50.62,32.581,1550795718.8566792
101.344,50.59,32.585,1550795721.323962
101.342,50.54,32.592,1550795723.791351
101.344,50.47,32.594,1550795726.2521594
101.344,50.42,32.597,1550795728.7196202
101.343,50.36,32.602,1550795731.18691
101.344,50.3,32.603,1550795733.6575098
101.344,50.23,32.609,1550795736.122732
101.346,50.22,32.619,1550795738.5902777
101.344,50.41,32.627,1550795741.0574436
101.345,50.67,32.627,1550795743.5225766
101.345,50.9,32.637,1550795745.9824514
101.345,51.09,32.642,1550795748.4496706
101.346,51.26,32.649,1550795750.9169974
101.344,51.4,32.653,1550795753.3840954
101.346,51.5,32.663,1550795755.8521967
101.345,51.49,32.663,1550795758.3196013
101.341,51.43,32.665,1550795760.782037
101.346,51.34,32.668,1550795763.2493675
101.344,51.19,32.668,1550795765.7194526
101.342,51.05,32.672,1550795768.187257
101.342,50.95,32.683,1550795770.652336
101.342,50.96,32.685,1550795773.1173234
101.346,50.87,32.691,1550795775.5840127
101.344,50.81,32.699,1550795778.0515516
101.345,50.81,32.702,1550795780.5239863
101.345,51.15,32.705,1550795782.9913957
101.343,51.25,32.707,1550795785.4590607
101.345,51.4,32.712,1550795787.9297025
101.345,51.57,32.72,1550795790.3922155
101.346,51.84,32.722,1550795792.8594787
101.342,51.96,32.721,1550795795.3253803
101.342,51.99,32.724,1550795797.7919836
101.344,52.13,32.73,1550795800.2520213
101.346,52.3,32.736,1550795802.7217603
101.35,52.28,32.744,1550795805.1897824
101.344,52.25,32.745,1550795807.653131
101.344,52.18,32.742,1550795810.126774
101.344,52.16,32.753,1550795812.5977242
101.347,52.24,32.763,1550795815.0654402
101.344,52.37,32.769,1550795817.5324807
101.345,52.53,32.778,1550795819.9996448
101.347,52.34,32.784,1550795822.4644961
101.346,52.16,32.788,1550795824.9318318
101.344,51.9,32.788,1550795827.3990495
101.345,51.77,32.792,1550795829.8623455
101.344,51.7,32.793,1550795832.3296552
101.343,51.58,32.8,1550795834.7922843
101.344,51.34,32.798,1550795837.2599492
101.347,51.39,32.809,1550795839.7222302
101.344,51.64,32.804,1550795842.1907039
101.343,51.97,32.804,1550795844.650317
101.343,52.07,32.802,1550795847.1178493
101.346,51.91,32.805,1550795849.5855289
101.345,51.7,32.807,1550795852.0530138
101.343,51.65,32.806,1550795854.5205586
101.346,51.48,32.807,1550795856.9881375
101.347,51.5,32.81,1550795859.4554915
101.348,51.79,32.813,1550795861.922809
101.346,52.12,32.811,1550795864.3905659
101.349,52.31,32.809,1550795866.8580058
101.346,52.44,32.807,1550795869.3252897
101.345,52.51,32.805,1550795871.7936504
101.342,52.39,32.803,1550795874.262541
101.349,52.14,32.802,1550795876.730723
101.344,51.8,32.797,1550795879.1928277
101.346,51.54,32.798,1550795881.6527753
101.343,51.37,32.796,1550795884.114486
101.345,51.26,32.794,1550795886.581785
101.347,51.06,32.792,1550795889.049012
101.346,50.88,32.788,1550795891.5122027
101.345,50.79,32.789,1550795893.9793425
101.345,50.65,32.792,1550795896.448214
101.343,50.6,32.79,1550795898.9154766
101.344,50.71,32.794,1550795901.3828351
101.345,50.78,32.79,1550795903.850756
101.344,50.77,32.791,1550795906.3177853
101.341,50.7,32.789,1550795908.7836215
101.341,50.66,32.787,1550795911.2421927
101.34,50.57,32.783,1550795913.7131565
101.342,50.45,32.775,1550795916.1803956
101.344,50.27,32.772,1550795918.64866
101.344,50.16,32.765,1550795921.1129045
101.343,50.09,32.762,1550795923.5722964
101.348,50.04,32.757,1550795926.0394287
101.341,49.96,32.75,1550795928.5023863
101.342,49.96,32.748,1550795930.969525
101.341,50.04,32.743,1550795933.4369292
101.341,50.12,32.739,1550795935.9082992
101.343,50.15,32.737,1550795938.3765066
101.342,50.12,32.731,1550795940.8419235
101.342,50.07,32.727,1550795943.3090587
101.339,50.03,32.718,1550795945.7790942
101.344,50.02,32.716,1550795948.2461832
101.342,49.99,32.707,1550795950.7135253
101.342,49.98,32.703,1550795953.1722014
101.346,49.96,32.703,1550795955.640196
101.345,49.95,32.697,1550795958.1084657
101.343,50.0,32.691,1550795960.5782788
101.344,50.15,32.692,1550795963.0452642
101.345,50.25,32.69,1550795965.513499
101.345,50.25,32.69,1550795967.973886
101.341,50.34,32.679,1550795970.4411652
101.341,50.39,32.674,1550795972.9083908
101.341,50.34,32.671,1550795975.3756175
101.342,50.14,32.66,1550795977.842512
101.34,50.07,32.654,1550795980.310197
101.341,50.07,32.642,1550795982.7824035
101.34,50.03,32.64,1550795985.252223
101.341,50.07,32.634,1550795987.7197788
101.34,50.11,32.63,1550795990.182044
101.34,50.11,32.624,1550795992.6422243
101.342,50.04,32.614,1550795995.1139176
101.339,50.02,32.601,1550795997.5839694
101.34,50.0,32.599,1550796000.051489
101.344,49.97,32.596,1550796002.5230064
101.342,49.94,32.591,1550796004.981927
101.339,49.93,32.59,1550796007.4439707
101.339,49.97,32.587,1550796009.9114141
101.34,50.31,32.584,1550796012.378777
101.339,50.77,32.584,1550796014.8458774
101.341,51.04,32.579,1550796017.3130636
101.339,51.15,32.575,1550796019.78144
101.337,51.14,32.574,1550796022.2421086
101.343,51.05,32.573,1550796024.7092116
101.342,51.15,32.565,1550796027.176302
101.341,51.34,32.568,1550796029.6437097
101.339,51.4,32.556,1550796032.1103702
101.339,51.45,32.557,1550796034.5777225
101.34,51.49,32.555,1550796037.0448027
101.34,51.41,32.555,1550796039.5118315
101.34,51.27,32.556,1550796041.9822633
101.341,51.16,32.553,1550796044.4495456
101.341,51.16,32.558,1550796046.9165287
101.341,51.44,32.563,1550796049.3825922
101.341,51.59,32.565,1550796051.8504827
101.338,51.58,32.567,1550796054.3207817
101.341,51.54,32.567,1550796056.783558
101.341,51.55,32.571,1550796059.2531836
101.339,51.82,32.569,1550796061.7211397
101.336,51.91,32.577,1550796064.188915
101.339,52.15,32.581,1550796066.6622765
101.338,52.53,32.591,1550796069.1305535
101.34,52.8,32.594,1550796071.597943
101.339,52.97,32.597,1550796074.0646107
101.341,53.15,32.607,1550796076.5321662
101.336,53.24,32.607,1550796079.0009432
101.339,53.24,32.616,1550796081.4691024
101.341,53.19,32.629,1550796083.9363024
101.341,53.25,32.63,1550796086.4032989
101.34,53.28,32.638,1550796088.8621402
101.338,53.26,32.649,1550796091.322635
101.342,53.19,32.653,1550796093.7905138
101.343,53.11,32.661,1550796096.2619333
101.342,52.99,32.675,1550796098.722896
101.343,52.84,32.681,1550796101.190652
101.342,52.69,32.689,1550796103.6616974
101.343,52.59,32.701,1550796106.122201
101.342,52.53,32.71,1550796108.590046
101.342,52.65,32.716,1550796111.0575423
101.342,52.66,32.717,1550796113.5250833
101.343,52.61,32.726,1550796115.9925175
101.346,52.61,32.728,1550796118.4596899
101.345,52.76,32.729,1550796120.927416
101.343,52.9,32.73,1550796123.393486
101.344,53.03,32.734,1550796125.854688
101.342,53.17,32.728,1550796128.3170648
101.342,53.28,32.727,1550796130.785528
101.343,53.34,32.727,1550796133.2523963
101.343,53.44,32.718,1550796135.7206905
101.345,53.51,32.722,1550796138.1883395
101.343,53.65,32.715,1550796140.656212
101.343,53.75,32.708,1550796143.1253986
101.342,53.82,32.706,1550796145.5938883
101.343,53.94,32.704,1550796148.061832
101.344,53.99,32.691,1550796150.5326598
101.343,54.07,32.684,1550796152.9998484
101.342,54.14,32.676,1550796155.4617434
101.343,54.13,32.668,1550796157.9220936
101.349,54.2,32.662,1550796160.3891685
101.346,54.19,32.654,1550796162.8594854
101.343,54.03,32.645,1550796165.3265905
101.345,53.93,32.642,1550796167.7923746
101.345,53.82,32.639,1550796170.2625449
101.344,53.65,32.64,1550796172.7223725
101.345,53.45,32.639,1550796175.1899016
101.346,53.39,32.637,1550796177.6577938
101.348,53.43,32.641,1550796180.1250772
101.346,53.46,32.636,1550796182.5925791
101.344,53.37,32.641,1550796185.060067
101.345,53.28,32.641,1550796187.5279696
101.346,53.3,32.643,1550796189.9984162
101.347,53.2,32.642,1550796192.4696417
101.343,52.98,32.649,1550796194.938082
101.343,52.75,32.652,1550796197.4019516
101.343,52.6,32.653,1550796199.8697894
101.343,52.48,32.657,1550796202.3375227
101.34,52.36,32.663,1550796204.802629
101.342,52.39,32.666,1550796207.2702696
101.341,52.37,32.668,1550796209.7381122
101.345,52.27,32.677,1550796212.2060168
101.341,52.08,32.678,1550796214.6755588
101.344,52.07,32.679,1550796217.1423745
101.342,52.21,32.676,1550796219.6099072
101.345,52.38,32.686,1550796222.0776527
101.345,52.37,32.69,1550796224.5419722
101.344,52.28,32.694,1550796227.0094044
101.345,52.46,32.694,1550796229.4720957
101.346,52.73,32.692,1550796231.9394035
101.344,52.94,32.69,1550796234.4065483
101.344,53.08,32.689,1550796236.872133
101.344,53.19,32.691,1550796239.3415911
101.343,53.17,32.689,1550796241.8089333
101.346,53.16,32.688,1550796244.2760143
101.345,53.27,32.687,1550796246.7435005
101.346,53.39,32.685,1550796249.2027194
101.344,53.43,32.683,1550796251.6713753
101.348,53.35,32.679,1550796254.1323793
101.346,53.24,32.675,1550796256.601687
101.345,53.15,32.671,1550796259.0721781
101.345,52.97,32.674,1550796261.5401661
101.343,52.82,32.671,1550796264.0078404
101.343,52.74,32.675,1550796266.4769518
101.346,52.72,32.678,1550796268.9458508
101.344,53.0,32.679,1550796271.4149566
101.344,53.18,32.684,1550796273.8835313
101.343,53.4,32.681,1550796276.3431616
101.346,53.58,32.689,1550796278.802244
101.348,53.73,32.688,1550796281.26948
101.345,53.94,32.684,1550796283.7367587
101.348,54.06,32.691,1550796286.203742
101.346,54.09,32.691,1550796288.6707222
101.347,54.0,32.692,1550796291.1377964
101.347,53.98,32.686,1550796293.6049607
101.347,54.02,32.689,1550796296.0719833
101.348,54.02,32.69,1550796298.5390153
101.346,54.03,32.682,1550796301.0089037
101.346,54.03,32.687,1550796303.4747798
101.345,53.92,32.685,1550796305.9427953
101.346,53.79,32.685,1550796308.4102557
101.349,53.63,32.692,1550796310.8737335
101.345,53.51,32.688,1550796313.3424459
101.345,53.47,32.689,1550796315.8022797
101.345,53.46,32.697,1550796318.269592
101.347,53.31,32.689,1550796320.736502
101.344,53.03,32.696,1550796323.2020621
101.345,52.84,32.695,1550796325.6692095
101.346,52.69,32.692,1550796328.1375918
101.347,52.53,32.691,1550796330.5997558
101.346,52.34,32.698,1550796333.0662515
101.345,52.26,32.699,1550796335.533696
101.346,52.19,32.696,1550796337.991885
101.345,52.02,32.699,1550796340.4603248
101.343,51.91,32.693,1550796342.9280033
101.342,51.78,32.694,1550796345.3951402
101.342,51.67,32.684,1550796347.8621614
101.344,51.51,32.685,1550796350.3220947
101.344,51.44,32.678,1550796352.7892625
101.339,51.4,32.679,1550796355.2519298
101.343,51.29,32.67,1550796357.7192693
101.341,51.13,32.666,1550796360.186446
101.344,51.0,32.666,1550796362.6537051
101.344,50.92,32.654,1550796365.1210353
101.343,50.91,32.647,1550796367.5915442
101.341,50.84,32.641,1550796370.0592802
101.347,50.73,32.633,1550796372.5273921
101.345,50.73,32.622,1550796374.9950743
101.343,50.8,32.615,1550796377.4626443
101.344,50.82,32.611,1550796379.922181
101.343,50.87,32.602,1550796382.381123
101.345,50.92,32.595,1550796384.8503423
101.346,50.95,32.587,1550796387.3119779
101.34,50.93,32.572,1550796389.781869
101.344,50.91,32.566,1550796392.24903
101.34,50.86,32.555,1550796394.7164366
101.339,50.76,32.541,1550796397.183595
101.344,50.61,32.528,1550796399.6512225
101.341,50.49,32.521,1550796402.1202967
101.344,50.43,32.507,1550796404.5881994
101.343,50.38,32.498,1550796407.0558069
101.344,50.39,32.49,1550796409.5243342
101.343,50.45,32.484,1550796411.9930253
101.343,50.49,32.482,1550796414.459989
101.339,50.56,32.472,1550796416.9272053
101.342,50.56,32.473,1550796419.3943548
101.345,50.52,32.469,1550796421.861742
101.344,50.46,32.469,1550796424.3292305
101.34,50.75,32.463,1550796426.7974284
101.343,51.07,32.472,1550796429.2644532
101.343,51.39,32.475,1550796431.732066
101.344,51.44,32.475,1550796434.1920493
101.342,51.44,32.478,1550796436.6623046
101.345,51.44,32.485,1550796439.1241114
101.343,51.34,32.491,1550796441.5823689
101.342,51.19,32.495,1550796444.0420058
101.342,51.17,32.496,1550796446.5095673
101.34,51.41,32.501,1550796448.9769993
101.343,51.49,32.508,1550796451.4425309
101.344,51.7,32.514,1550796453.9113715
101.343,51.89,32.52,1550796456.3709786
101.345,52.09,32.52,1550796458.8401384
101.344,52.03,32.528,1550796461.3022342
101.342,51.8,32.531,1550796463.7692046
101.343,51.5,32.533,1550796466.2321463
101.34,51.3,32.53,1550796468.6993675
101.342,51.24,32.534,1550796471.1671762
101.347,51.17,32.536,1550796473.6342838
101.344,50.98,32.534,1550796476.10156
101.343,50.81,32.535,1550796478.5686417
101.343,50.68,32.539,1550796481.0300558
101.344,50.54,32.536,1550796483.4946463
101.343,50.53,32.535,1550796485.9619045
101.342,50.62,32.536,1550796488.429215
101.343,50.75,32.528,1550796490.892079
101.343,50.81,32.53,1550796493.3591723
101.343,50.82,32.532,1550796495.8267946
101.344,50.75,32.532,1550796498.2939627
101.342,50.64,32.529,1550796500.7613049
101.344,50.57,32.534,1550796503.2280843
101.342,50.53,32.532,1550796505.6957028
101.345,50.57,32.533,1550796508.1618156
101.34,50.63,32.532,1550796510.6291125
101.34,50.61,32.534,1550796513.097213
101.339,50.55,32.532,1550796515.5648785
101.341,50.5,32.535,1550796518.0357025
101.342,50.52,32.537,1550796520.5029616
101.34,50.58,32.544,1550796522.9701087
101.34,50.64,32.55,1550796525.437276
101.342,50.81,32.55,1550796527.904619
101.34,51.12,32.558,1550796530.3618672
101.343,51.42,32.555,1550796532.8221977
101.342,51.59,32.557,1550796535.2891977
101.339,51.69,32.56,1550796537.7564766
101.34,51.76,32.565,1550796540.223952
101.341,51.78,32.57,1550796542.6917582
101.339,51.79,32.575,1550796545.1594248
101.341,51.83,32.581,1550796547.6283004
101.341,51.87,32.586,1550796550.0964322
101.34,51.66,32.587,1550796552.5608695
101.342,51.5,32.591,1550796555.0294642
101.341,51.32,32.59,1550796557.500156
101.34,51.12,32.595,1550796559.9625413
101.341,50.97,32.601,1550796562.4232993
101.341,50.82,32.596,1550796564.8918376
101.341,50.68,32.605,1550796567.3592389
101.34,50.58,32.603,1550796569.8285322
101.344,50.49,32.616,1550796572.2960026
101.341,50.48,32.613,1550796574.7640424
101.345,50.45,32.62,1550796577.2319973
101.339,50.37,32.621,1550796579.6921506
101.34,50.37,32.625,1550796582.159355
101.342,50.36,32.629,1550796584.6221159
101.341,50.39,32.631,1550796587.083162
101.343,50.45,32.636,1550796589.550735
101.342,50.53,32.638,1550796592.018571
101.341,50.56,32.645,1550796594.4860997
101.341,50.57,32.646,1550796596.952066
101.34,50.58,32.643,1550796599.4160287
101.342,50.54,32.646,1550796601.883492
101.342,50.42,32.642,1550796604.3514428
101.346,50.27,32.646,1550796606.8220322
101.342,50.15,32.644,1550796609.2922182
101.34,50.03,32.644,1550796611.760241
101.341,49.9,32.642,1550796614.2302208
